"cluster","gene","avg_log2FC","pct_in","pct_out","p_val","p_val_adj","auc"
"0","S100A8",2.57114501082826,100,63.9491471657597,0,0,0.735969162896736
"0","CST3",2.52485561930579,99.9606144151241,49.5644322978941,0,0,0.903658542750274
"0","LYZ",2.48465642871758,100,54.4667040823796,0,0,0.865312587484345
"0","S100A9",2.36581431809664,100,60.576852687831,0,0,0.713618259142156
"0","AREG",1.97874702520076,82.9854273335959,5.85393231009492,0,0,0.894956662449718
"0","S100A12",1.8038616392696,97.8928712091375,43.8983919377272,0,0,0.776071955419374
"0","AIF1",1.72005418981259,99.8030720756203,47.7343159024914,0,0,0.797910210342627
"0","SAP30",1.71129604988755,92.2410397794407,20.267929040287,0,0,0.91551592381945
"0","TYROBP",1.67512272251711,99.980307207562,63.2829847978331,0,0,0.797449944598674
"0","SAT1",1.65758511039584,99.7833792831824,64.2395256338303,0,0,0.845376565201221
"1","IL7R",2.00961646406965,87.9484079000403,13.0179818478234,0,0,0.885219575727374
"1","LTB",1.85749476961588,88.553002821443,21.2156605104995,0,0,0.872288146023362
"1","CD3E",1.80862164860072,96.21120515921,25.9167335815266,0,0,0.847547681576026
"1","IFITM1",1.63475207136438,97.8033051189037,46.1931527848748,0,0,0.754639315051539
"1","LDHB",1.60035018435216,93.3494558645707,44.7502250772562,0,0,0.895960427065245
"1","RPS5",1.41605957678398,99.093107617896,85.8748813782028,0,0,0.914706625942731
"1","RPL3",1.33396117039497,99.3550987505038,88.3714139718228,0,0,0.898227296364946
"1","RPL5",1.31299380689464,98.931882305522,87.8458281626396,0,0,0.920564313210406
"1","IL32",1.290849523846,86.4973800886739,28.6687592768329,0,0,0.740620059754423
"1","EEF1B2",1.24756519472412,97.9443772672309,81.0716110665012,0,0,0.870448888448331
"10","S100A8",3.74679397549206,98.6102719033233,66.7800198180344,0,0,0.917376431888366
"10","LTF",3.22157376507993,75.8308157099698,1.20935050896316,0,0,0.877274331726463
"10","LCN2",3.19343633787074,76.9184290030211,1.67102062877218,0,0,0.882142248691022
"10","S100A9",3.01703611490649,96.797583081571,63.7352490766598,0,0,0.871939539754591
"10","RETN",2.89765006838105,88.3987915407855,37.5912079992793,0,0,0.899959000454764
"10","DEFA3",2.85864431952461,52.9305135951662,3.22043059183857,0,0,0.756082336285536
"10","PGLYRP1",2.67090797775842,75.0453172205438,1.60796324655436,0,0,0.870883696006266
"10","CAMP",2.61692453411913,63.6858006042296,1.98630753986127,0,0,0.813969115218111
"10","S100P",1.82586833337598,66.2839879154079,4.12125033780741,0,0,0.820953230581823
"10","CD24",1.67445028501799,62.5981873111782,1.66651653004234,0,0,0.809003346368458
"11","HLA-DRA",2.69744014776199,98.5896574882472,52.3962306484182,0,0,0.967314392750487
"11","CD74",2.67176213474728,99.8656816655473,85.7190935606911,0,0,0.98242723205534
"11","MS4A1",2.58956322176508,94.2243116185359,0.753870316356293,0,0,0.970260724333543
"11","CD79A",2.48861812797882,93.8885157824043,0.708997083239847,0,0,0.968606894053513
"11","HLA-DPA1",1.91226942282574,96.70920080591,53.2936953107471,0,0,0.918618639750361
"11","HLA-DQB1",1.81141950456652,90.530557421088,26.4617455687682,0,0,0.907553394702276
"11","HLA-DRB1",1.76916807422827,96.70920080591,59.6567197666592,0,0,0.888086977826927
"11","CD37",1.75589576403374,98.0523841504365,75.1581781467355,0,0,0.950389694947904
"11","HLA-DPB1",1.70072620711567,94.7615849563465,49.9349338119812,0,0,0.889746549108239
"11","LTB",1.55443640133617,80.5238415043654,26.7309849674669,0,0,0.803848128365775
"12","S100A8",3.71113817689908,99.9181669394435,67.0517652831367,0,0,0.916137119262364
"12","S100A9",3.19747355329484,99.8363338788871,63.971719784999,0,0,0.894112086015002
"12","IFITM2",2.68756500635202,99.0180032733224,83.2705131922296,0,0,0.970573142059908
"12","S100A12",2.60774417897149,86.9885433715221,48.8391283984209,0,0,0.829620728029337
"12","GCA",2.09170941258894,87.0703764320786,39.3179739946919,0,0,0.892006194688037
"12","CSF3R",2.04922091122372,84.7790507364975,37.0452974106207,0,0,0.871032669819434
"12","NAMPT",2.02311900867144,73.240589198036,17.0684925396436,0,0,0.839837495387457
"12","SLC25A37",1.90865363322279,71.7675941080196,22.2584026585186,0,0,0.820564730065883
"12","S100A11",1.8947172947713,98.3633387888707,82.6036532328211,0,0,0.924080065684003
"12","FCGR3B",1.83170873082939,63.911620294599,1.45192586479916,0,0,0.816435972278127
"13","GNLY",1.94128285335893,86.4527629233512,20.6644858357256,0,0,0.791419405269973
"13","NKG7",1.57451836166448,88.9483065953654,36.0104145804126,1.18148287628687e-172,2.15276920812889e-169,0.712153907925046
"13","S100A9",1.37606337312191,95.0980392156863,64.169837772882,1.00176921368815e-18,2.07636611685126e-17,0.575404169521228
"13","CCL5",1.24249446705627,82.620320855615,33.1530809800387,7.06527907941982e-140,1.0893029891447e-136,0.686034353819253
"13","DEFA3",1.16065316006661,45.9001782531194,3.98557981173643,0,0,0.709488560276723
"13","S100A8",1.14268383101077,96.524064171123,67.2096490642455,5.73654462146705e-07,2.84316428902236e-06,0.54289881849642
"13","LYZ",0.921986696457786,90.4634581105169,58.7133097447538,2.65163135212532e-10,2.04984350127894e-09,0.55326023475845
"13","TPT1",0.917326135529445,98.1283422459893,94.398825021697,0,0,0.846388796563158
"13","CD74",0.889600900846595,95.4545454545455,85.9447671184102,2.60980638049785e-126,3.2692718302699e-123,0.708313712875982
"13","MT-CO1",0.839463184663242,98.3065953654189,96.0388989029085,1.02044034521234e-301,5.11317145977275e-298,0.823931321239317
"14","NEAT1",3.10982390751141,99.5294117647059,58.0592359928333,0,0,0.982268223531754
"14","VCAN",2.70337464101699,96,42.9892278086222,0,0,0.943026544688525
"14","DPYD",2.09713745879678,90.7058823529412,33.7565528987591,0,0,0.924822256890546
"14","CTSS",2.00405323056878,96.1176470588235,60.6649118538344,0,0,0.902184143448793
"14","LYZ",1.90883391423358,97.2941176470588,58.775907452056,1.06250117123496e-158,8.28626886189191e-157,0.759186900578099
"14","ZEB2",1.75166973564959,85.0588235294118,36.2449954655047,0,0,0.874692090200676
"14","USP15",1.718403805514,90.1176470588235,49.2755867194585,0,0,0.888943911480405
"14","FGL2",1.66082082792556,81.1764705882353,38.8241279391272,5.23709584591721e-322,1.28007468181009e-319,0.838563690467671
"14","PSAP",1.65775633458228,90.2352941176471,65.1994071976819,7.58270582228969e-277,1.38163793451047e-274,0.848052873386741
"14","VMP1",1.64217323510214,84.1176470588235,33.7941560308788,0,0,0.8669070708201
"15","NKG7",3.33385760769135,100,36.173363391239,0,0,0.932023117141396
"15","CCL5",2.99604459915884,100,33.1786235247315,0,0,0.919363024024087
"15","GZMH",2.49912529554848,96.6789667896679,21.6991557264731,0,0,0.922959259097962
"15","CST7",2.36289787816205,99.8769987699877,31.341997082615,0,0,0.897381739697254
"15","CTSW",2.21847572853768,98.6469864698647,28.4069309994254,0,0,0.901532603046492
"15","IFITM1",2.19386107853542,99.8769987699877,50.8884763293993,0,0,0.8874013939052
"15","PRF1",2.07983462304586,96.6789667896679,26.9327675374619,0,0,0.865561417184255
"15","GZMB",1.94269473240725,91.1439114391144,21.1598815364894,0,0,0.852093984074703
"15","GNLY",1.85356516722863,71.4637146371464,21.3831056889007,6.54981301353901e-240,2.38687094964295e-237,0.746044800654876
"15","GZMA",1.82158138276153,95.4489544895449,25.085090394731,0,0,0.852837751955294
"16","TRDV2",2.80187424809715,97.503671071953,1.31341178544669,0,0,0.983559215333894
"16","TRGV9",2.47335890644895,95.5947136563877,3.99532813257526,0,0,0.968344791012794
"16","CCL5",2.38852279644386,99.5594713656388,33.3796112653709,2.41528703361345e-270,2.30521895308164e-267,0.831551498656189
"16","NKG7",2.33690228141781,99.4126284875183,36.367843448367,1.85696837275227e-204,1.09468285573746e-201,0.795173147939427
"16","S100B",2.26668577113401,81.9383259911894,4.93190532857332,0,0,0.893299692600107
"16","CST7",1.91954043090029,97.503671071953,31.5769756269558,5.74952808928805e-272,5.76188957468002e-269,0.826941843191688
"16","CD3E",1.74523817343275,96.3289280469897,32.546608488695,3.08516342278322e-281,3.25452265699179e-278,0.835525216829311
"16","GZMK",1.73458689664974,77.2393538913363,7.72841465027106,0,0,0.848748583363282
"16","DUSP2",1.65428479252014,81.057268722467,13.4977301776191,0,0,0.856838338669809
"16","IL7R",1.62750756927873,74.4493392070485,20.2895676318921,1.29786466618388e-293,1.53018244143079e-290,0.791086315640414
"17","PPBP",4.8916012140906,97.6340694006309,16.041827187672,0,0,0.985168518843242
"17","NRGN",4.58516208093831,99.211356466877,37.4617501375894,0,0,0.993352112627151
"17","TUBB1",3.8758477809578,95.8990536277603,4.55696202531646,0,0,0.978229688414188
"17","PF4",3.64185965889355,94.3217665615142,5.27242707760044,0,0,0.969557265850563
"17","PRKAR2B",3.61320270532587,94.9526813880126,7.28233351678591,0,0,0.972448328006264
"17","CAVIN2",3.41071900706858,93.3753943217666,3.93615850302697,0,0,0.96513627864421
"17","GP9",3.35340867464027,89.9053627760252,2.00330214639516,0,0,0.948339950936563
"17","GNG11",3.18031673993037,90.0630914826498,3.53329664281783,0,0,0.948087671813177
"17","HIST1H2AC",3.12870618004377,88.1703470031546,15.8282883874518,0,0,0.928750132381
"17","CLU",2.91013718159306,85.8044164037855,9.64887176664832,0,0,0.92059277173696
"18","GNLY",3.54566601686619,98.0599647266314,21.3224303174184,0,0,0.924757706880571
"18","NKG7",3.08520371448187,100,36.518508748791,4.98462407075662e-298,1.92128500481106e-295,0.890713540578718
"18","CCL5",2.56226124280996,95.2380952380952,33.5993141651279,8.82021300631972e-262,2.52547898979523e-259,0.857060919368578
"18","PRF1",2.5621896771949,100,27.2685307306779,0,0,0.922358366476746
"18","CST7",2.28575366605951,99.8236331569665,31.713268266948,1.03420452381119e-315,4.23031862669028e-313,0.885777715282537
"18","GZMB",2.27094720042724,98.7654320987654,21.4433306955069,0,0,0.89977034937321
"18","FCGR3A",2.12100150348212,99.647266313933,21.6521586212961,0,0,0.936962112531443
"18","CTSW",2.08851321710581,98.7654320987654,28.7852809285149,0,0,0.886559894400101
"18","FGFBP2",2.07538169579418,96.1199294532628,19.30669128638,0,0,0.894651768142345
"18","KLRD1",2.00739799195173,99.1181657848324,19.3792315132331,0,0,0.931790321177466
"19","NKG7",2.92526354237343,100,36.5366443247995,1.88727476459038e-260,3.15222067555708e-257,0.869264693807203
"19","GNLY",2.78087696263231,92.5992779783393,21.4108339742885,0,0,0.858745418938769
"19","CTSW",2.35746220539437,97.6534296028881,28.8188111196572,0,0,0.912704618090526
"19","CST7",2.23249696676617,97.6534296028881,31.7591473464454,2.11495366489037e-292,7.06500271756628e-289,0.875435634676556
"19","CCL5",2.21742292782482,92.5992779783393,33.649049554994,2.36436692064817e-196,2.49415822055533e-193,0.812375202153768
"19","IFITM1",2.03816394503006,99.0974729241877,51.1767937589276,5.26930121282109e-202,5.86736690047628e-199,0.852555894004586
"19","CD7",2.01445431790592,90.7942238267148,31.7437644214921,4.16244200552745e-300,2.08569562791966e-296,0.880020583289733
"19","GZMB",1.90599389425939,85.1985559566787,21.63059004505,1.08048892350731e-296,4.3312478987714e-293,0.83152549586926
"19","PRF1",1.77546475127854,88.086642599278,27.43434787386,1.03677989579154e-225,1.38534529675666e-222,0.813948699254297
"19","FGFBP2",1.71557103597234,79.9638989169675,19.5253268871553,2.582004595115e-292,7.39301687141285e-289,0.816520598958261
"2","LYZ",2.49946046153009,99.9012101753519,55.591525827184,0,0,0.881278411113467
"2","S100A8",2.38161166060839,99.7036305260558,64.8607474410855,0,0,0.729067127521238
"2","CST3",2.22204647696313,99.8518152630279,50.8093311116401,0,0,0.814773996524014
"2","S100A9",2.20323764448721,99.9012101753519,61.552011425851,0,0,0.715103540895631
"2","FCN1",1.86448723141897,99.0861941220054,46.284218043323,0,0,0.861377831749124
"2","TYROBP",1.76367900368723,99.950605087676,64.1847179243037,0,0,0.843880219042509
"2","AIF1",1.73422302404222,99.7777228945419,49.0121399666746,0,0,0.805338213172851
"2","S100A12",1.72649156120822,93.4304766609039,45.6510354677458,0,0,0.763393087734053
"2","FCER1G",1.70911101194761,99.8271178068659,56.4532254225185,0,0,0.870514115087089
"2","SERPINA1",1.61175841793717,95.8508273647814,39.9166865032135,0,0,0.857864614200867
"20","CCL5",2.82232633070573,100,33.749671312122,7.12491472841703e-237,3.32103874189913e-234,0.892445063797048
"20","TRDV2",2.54923168467083,98.8179669030733,1.84503462178982,0,0,0.984048795412025
"20","NKG7",2.41144789545077,100,36.7188184766412,5.4698076543836e-129,8.43318113975465e-127,0.795760164666152
"20","TRGV9",2.38733021877913,99.290780141844,4.47892015075817,0,0,0.98124290433064
"20","S100B",2.34986794152804,91.2529550827423,5.28091857305636,0,0,0.934785605366921
"20","GNLY",2.26497946387392,80.8510638297872,21.7240774826891,9.54674478161926e-184,2.51770270602625e-181,0.796841596997269
"20","IL32",2.24561374387631,100,34.2952931895872,9.4994025997668e-239,4.53325062636014e-236,0.895908641450375
"20","TXNIP",2.20495392394803,100,81.2034358839513,1.22192338224993e-257,7.4215182880107e-255,0.981915458266016
"20","DUSP2",2.11442079444967,93.6170212765958,13.7632570777456,0,0,0.927622955167699
"20","CD3E",1.81943289724789,100,32.8731703041459,7.11049120151821e-188,2.03593678788614e-185,0.846318524817722
"21","S100A9",2.35280201005719,100,64.6623941905991,5.24569369713698e-55,3.26519996185455e-53,0.740109820476234
"21","LYZ",2.21701163637153,100,59.1854589995407,4.35077404711038e-103,1.32125097312475e-100,0.827319765369784
"21","NEAT1",1.91393259649944,100,58.518340296157,2.36752210143723e-160,3.16348303194043e-157,0.908933536449642
"21","S100A8",1.80506210403886,100,67.6852074629804,3.20526692472477e-17,4.26298374069399e-16,0.63040028408835
"21","CTSS",1.72510632724393,100,61.0315186246418,1.0750601093286e-130,6.95078379718489e-128,0.871009349954904
"21","DUSP1",1.71986219362406,98.8235294117647,48.9446400839913,1.22819404647503e-141,1.07029101189126e-138,0.871324928624089
"21","VCAN",1.68335402510536,98.5294117647059,43.5617576937378,3.17260013767721e-128,1.92692195634741e-125,0.843642461687315
"21","FOS",1.62776105102492,95.2941176470588,38.5594610555786,6.36399426455288e-142,6.07397795449682e-139,0.850365339162634
"21","PSAP",1.61933420123949,100,65.4060674992891,1.07145189667828e-136,7.66968227325813e-134,0.88304736864452
"21","FCN1",1.61739513981706,99.4117647058823,50.5654104420482,3.77272785169581e-94,8.69158440592404e-92,0.803749020551373
"22","CCL5",2.7997386843044,99.7041420118343,33.875024605761,3.69502305330048e-188,3.89786037143692e-185,0.890469743876191
"22","IL32",2.39872014817052,100,34.4174449377748,4.96521847008081e-216,9.95178737958297e-213,0.920712569897509
"22","NKG7",2.32311390873222,99.4082840236686,36.8408390017716,5.32606655713264e-101,1.16032991309358e-98,0.791877322825902
"22","CD3E",1.79102384842761,100,32.9979659237549,5.18945302285663e-148,2.16692097785657e-145,0.843045528649518
"22","ZFP36L2",1.72010571988834,100,66.9145469259203,8.61488672418781e-160,4.93337641751132e-157,0.916903481613268
"22","TXNIP",1.70010259259218,98.8165680473373,81.24712932788,9.74561830519307e-146,3.83002799394088e-143,0.903831658933674
"22","GZMA",1.69504809794639,96.1538461538462,25.810896524573,1.98707540639692e-168,1.32756507901379e-165,0.837725701641122
"22","CST7",1.6231840819428,99.7041420118343,32.0552918790053,2.29454438369271e-105,5.47494679551822e-103,0.786047682567629
"22","HLA-A",1.62241498511361,100,88.4866910172568,5.10434548615833e-183,4.65029075359415e-180,0.954331383983303
"22","DUSP2",1.61004006003799,80.4733727810651,14.008879945758,2.09888291434902e-283,1.40226367507658e-279,0.847141797387266
"23","NEAT1",2.16356808899955,89.3617021276596,58.6364331432816,1.12799969117548e-110,3.18429546622958e-108,0.871745458286293
"23","MT-ND3",1.98547800512847,92.9078014184397,88.5903401271381,2.44049547866567e-119,9.05830571831407e-117,0.900214027081952
"23","MT-ND4L",1.92270542362547,89.0070921985816,71.3851934377526,3.37071596264511e-105,8.23893415113366e-103,0.871235237367956
"23","MT-CO1",1.87115452675714,98.2269503546099,96.081001376237,1.00208140519265e-120,4.01694352085526e-118,0.902856462496187
"23","SAT1",1.80322568373996,90.7801418439716,68.0188741070843,5.42376218422207e-91,9.62021818215602e-89,0.843142527054916
"23","MT-ND4",1.7861505599579,90.0709219858156,85.0645520676322,3.48840728414689e-104,8.42387315616338e-102,0.873141564943961
"23","CSF3R",1.75376431291213,76.5957446808511,38.0758896389016,1.5265181380106e-94,2.91390505144253e-92,0.811164344818707
"23","MALAT1",1.71919842427448,96.4539007092199,98.8771653887323,2.76564517688788e-130,1.38579565700909e-127,0.918770684029903
"23","MT-CO2",1.7179088213638,95.0354609929078,95.6047796928589,7.51254690483094e-120,2.84101844553824e-117,0.901364570798585
"23","MT-ND2",1.60536541187755,88.6524822695035,75.1228783013304,1.44571656250878e-93,2.68300898725588e-91,0.851117009269575
"24","IGKV3-11",2.83375344829149,84.1463414634146,2.83255256563896,0,0,0.916525260469949
"24","S100A8",1.83789200910541,100,67.8091295348077,6.63126886851656e-08,2.67964761959027e-06,0.619934620116438
"24","IGKV1-5",1.82970539951028,64.0243902439024,1.95446127029088,0,0,0.814434725074999
"24","IGHV3-23",1.78048772779813,61.5853658536585,2.08083669245016,0,0,0.801205296288718
"24","IGKV3-20",1.73439129408499,60.3658536585366,1.72785706503976,0,0,0.795986132184015
"24","JCHAIN",1.65528709194461,60.9756097560976,2.17452881577514,0,0,0.798935534185933
"24","IGLV2-23",1.59424471601815,57.9268292682927,1.12866325307768,0,0,0.786255477109734
"24","IGLV3-10",1.46135786152724,52.4390243902439,1.19838762392417,0,0,0.758704054057645
"24","IGLV1-44",1.33719962422089,48.1707317073171,0.819261357446345,0,0,0.737987625518482
"24","HBB",1.32908945581806,57.3170731707317,18.5096415731561,1.17787128470446e-52,4.29237711987845e-50,0.734309492239709
"25","S100A9",2.3472648703302,99.0740740740741,64.8429849187178,6.12550299781048e-19,3.61098401720928e-16,0.741836110446152
"25","S100A8",2.33931097736298,99.0740740740741,67.8505364409915,7.22180769619532e-15,2.6804942899045e-12,0.712781711114174
"25","LCN2",1.72221220307519,59.2592592592593,4.24582707666863,4.02788852363478e-169,8.0730969679212e-165,0.773196105835765
"25","LTF",1.59118844665135,54.6296296296296,3.77140867445757,1.4184760062164e-160,1.42152572962977e-156,0.751576155598919
"25","LYZ",1.52629097913252,96.2962962962963,59.4002306805075,4.80572635503543e-09,4.86470572393814e-07,0.657291643997592
"25","DEFA3",1.08490277249594,29.6296296296296,4.94874975517399,4.92848969586023e-33,8.98015627037514e-30,0.62582928514029
"25","CAMP",1.05638330609758,39.8148148148148,4.11960566690605,5.74619487918006e-76,2.87927459908515e-72,0.678340434295147
"25","S100A12",0.906911137762651,77.7777777777778,49.7856412265239,2.2282280581672e-07,1.37840663487177e-05,0.634648764343983
"25","FCN1",0.767953159788823,77.7777777777778,50.8628756719114,6.14881921654959e-07,3.12793866896709e-05,0.630225473672842
"25","MT-CO1",0.724068391543737,99.0740740740741,96.0871362973602,1.23729374949247e-16,5.39110404806035e-14,0.730251004088897
"26","HLA-DRA",3.38661135509641,100,53.8344491783323,4.75095056336254e-41,6.90023928561416e-39,0.996329765791117
"26","CD74",3.05717176015927,100,86.1598991392053,4.34256244571132e-37,5.76410457611868e-35,0.994932851688786
"26","HLA-DPA1",2.97517569241232,100,54.6430745152595,1.09046397056069e-40,1.57238628503222e-38,0.995431029712831
"26","HLA-DRB1",2.96600467650466,100,60.8077558473176,1.29619698558703e-39,1.82955466071273e-37,0.997352404138771
"26","HLA-DPB1",2.76998223280377,100,51.3259716546387,3.91745607979278e-41,5.7733508975946e-39,0.9921911928607
"26","HLA-DQA1",2.70038382184492,100,13.6618554908269,1.57472471115707e-98,6.06965526648483e-96,0.991454695639114
"26","CST3",2.69215985041672,100,55.0669506999391,3.71530875329324e-36,4.77345726552926e-34,0.96638849586202
"26","HLA-DQB1",2.64706040630772,100,28.4475263020607,7.68013410075833e-55,1.58693739980927e-52,0.984062650678597
"26","HLA-DRB5",2.53424765593861,100,42.3876184679593,1.44724210859063e-39,2.02846668408965e-37,0.961232027254547
"26","CD1C",2.01479429047272,90.9090909090909,1.18685331710286,0,0,0.951642940139593
"3","S100A8",3.01604332234097,100,64.8648005897881,0,0,0.823104288317234
"3","S100A9",2.87647571922311,100,61.5781588147162,0,0,0.827969737716637
"3","CST3",2.11774502779851,99.9002493765586,50.8501985778496,0,0,0.784053027672442
"3","LYZ",1.99789759133042,99.9501246882793,55.6279578586887,0,0,0.736221309078371
"3","S100A12",1.98919930922973,96.6084788029925,45.3922804347309,0,0,0.801321214194412
"3","AIF1",1.78533175538066,99.3266832917706,49.1022378653476,0,0,0.823260079722926
"3","RETN",1.72119862441722,93.1670822942643,34.2909462769626,0,0,0.838524947945483
"3","TYROBP",1.59205693871602,99.9251870324189,64.2203143951105,0,0,0.771206016090123
"3","S100A6",1.48646412761732,100,93.8595448167614,0,0,0.880382405066076
"3","CEBPD",1.47224301633673,97.1571072319202,55.7397322171752,0,0,0.800485773959593
"4","GNLY",3.92241905630463,97.9679450486548,16.0530952660637,0,0,0.963650186243323
"4","NKG7",3.49296349942651,99.9427590154551,32.1578761893575,0,0,0.951724027449584
"4","PRF1",2.96019669954716,99.5134516313681,22.307059790908,0,0,0.972393015403022
"4","GZMB",2.84703814770798,98.3686319404694,16.1588159285798,0,0,0.961759156052856
"4","CST7",2.63364856511204,99.0269032627361,27.0950311288617,0,0,0.940438923304679
"4","CTSW",2.5116043527987,98.0538065254722,24.0314812639493,0,0,0.94179693590953
"4","CCL5",2.46927084578601,93.5890097309674,29.4960648420063,0,0,0.844671074798495
"4","FGFBP2",2.32272722987222,92.0148826559817,14.3615646658052,0,0,0.917747018247657
"4","IFITM1",2.2694362552995,99.570692615913,47.8280277223071,0,0,0.897585859963929
"4","GZMA",2.11308082921025,94.8483113909559,20.7024550687184,0,0,0.897502496434458
"5","S100A8",2.17299360495858,99.5566065622229,65.4161589652264,0,0,0.714395944701758
"5","CST3",1.92206886095512,99.4679278746675,51.6051176305183,0,0,0.739214278346461
"5","S100A9",1.8619951966128,99.7339639373337,62.163745430687,6.6110311474147e-285,5.5210373869847e-283,0.681927917528682
"5","CTSS",1.62852643985421,99.4088087496305,58.299746930359,0,0,0.837913776038923
"5","AIF1",1.62332317160342,98.4333431865208,49.910956978161,0,0,0.787045752378971
"5","SAT1",1.61175781790187,98.9358557493349,65.7184365919955,0,0,0.824025619820583
"5","LYZ",1.49347499802129,99.7635234998522,56.2939357015653,3.19406601684597e-140,1.05815975496932e-138,0.625586172995837
"5","TYMP",1.48979860410679,96.8962459355602,47.2068609991564,0,0,0.839556514993796
"5","TYROBP",1.4772501309986,99.6452852497783,64.7670822007686,0,0,0.737644804522466
"5","GRN",1.41585774132648,96.1276973100798,47.4763333020902,0,0,0.821442915730422
"6","S100A9",2.61267959098206,99.9032258064516,62.3990316348146,0,0,0.788979548391602
"6","S100A8",2.18201537803235,99.9677419354839,65.611396913336,1.21745586541283e-284,1.53468351638172e-282,0.690336874093753
"6","LYZ",2.03794868664515,99.9677419354839,56.5655625130939,0,0,0.758556590717781
"6","CST3",1.93865694812765,100,51.8820270490468,0,0,0.736150177701319
"6","FCN1",1.49489038133019,98.741935483871,47.475499895249,0,0,0.762917583081843
"6","AIF1",1.47112259287678,99.2903225806452,50.1687655671687,0,0,0.739487335636605
"6","TYROBP",1.45823321723982,100,64.9712516585582,0,0,0.723342898592732
"6","RETN",1.37588033912676,91.3225806451613,35.6712213971461,0,0,0.784280638177888
"6","MNDA",1.32653406273458,97.3870967741936,47.2706534137201,0,0,0.779383819831212
"6","LST1",1.32331493726798,97.741935483871,46.5746409367071,0,0,0.786005091876801
"7","CCL5",2.91613947336003,99.1382405745063,30.1890280537967,0,0,0.906831829146977
"7","NKG7",2.77400250629257,97.737881508079,33.4103618801128,0,0,0.857467157005226
"7","IL32",2.29255123836224,99.3536804308797,30.7505661598188,0,0,0.903861001282048
"7","CD3E",1.95259294835959,98.886894075404,29.2808614872672,0,0,0.875912284205632
"7","CST7",1.95258178411016,97.4865350089767,28.3726949207376,0,0,0.836080761817583
"7","CD8B",1.86440943031119,83.4829443447038,5.91579239266072,0,0,0.89493783049499
"7","GZMA",1.84549314697183,92.2441651705566,22.0848546471322,0,0,0.856560230916371
"7","CD3D",1.83516118686579,94.2549371633752,23.4297730739012,0,0,0.897819049405778
"7","IFITM1",1.82344856290012,99.2100538599641,48.6989878448953,0,0,0.798931089930151
"7","CD8A",1.77150212971536,84.5601436265709,8.30521791375884,0,0,0.889771278320126
"8","NKG7",2.83491738812449,99.672131147541,34.2682815772698,0,0,0.851730495957783
"8","CCL5",2.6061613773982,99.4379391100703,31.1947910026409,0,0,0.859229141158659
"8","GZMH",2.39268509087751,97.751756440281,19.390310536381,0,0,0.920436150412667
"8","GNLY",2.23956948229944,80.3747072599532,19.442673709134,0,0,0.797291649382892
"8","IL32",2.23146168559698,98.4543325526932,31.8094891175667,0,0,0.893123266779515
"8","IFITM1",1.90994524436223,99.1100702576112,49.4513250159366,0,0,0.819561545202518
"8","CST7",1.88925240136718,98.07962529274,29.366633275658,0,0,0.824277898998206
"8","PRF1",1.84603059988468,94.7072599531616,24.9294235497678,0,0,0.840270948094932
"8","CD3E",1.82396340248306,97.751756440281,30.3660868773336,0,0,0.850910914466482
"8","GZMA",1.76659240211469,92.9742388758782,23.0876058646753,0,0,0.84537984707245
"9","LTB",2.16505895513151,97.3386183465459,25.7241550583614,0,0,0.913633772623817
"9","IL7R",1.96090475029564,94.3374858437146,18.1699139818933,0,0,0.886392807046068
"9","IL32",1.68401291871234,95.6964892412231,32.4746573950737,0,0,0.803504264393605
"9","RPSA",1.66377365883142,99.20724801812,67.3379540785226,0,0,0.925235457829349
"9","CD3E",1.65412502143257,98.8108720271801,30.8852414602759,0,0,0.817054660897438
"9","KLF2",1.5850070999439,98.9241223103058,59.296051294787,0,0,0.869739706140406
"9","RPS29",1.48065438667941,99.3204983012457,78.8950850021448,0,0,0.913562046762679
"9","RPS4Y1",1.47420107155538,96.3759909399774,44.1175806560856,0,0,0.851958985975175
"9","TCF7",1.39715598761059,83.3522083805209,11.0830153748899,0,0,0.86462541125874
"9","IFITM1",1.39438712239881,99.2638731596829,49.8588941819249,3.01593012034588e-207,2.09163624228693e-205,0.702754467387828
