"Replicon","KPC-2","NDM-1","NDM-5","OXA-181","None","Total"
"IncX3","–","11/18 (61%)","11/22 (50%)","1/1 (100%)","–","23/67 (34%)"
"IncR","7/13 (54%)","9/18 (50%)","1/22 (5%)","–","3/13 (23%)","20/67 (30%)"
"Col(pHAD28)","2/13 (15%)","10/18 (56%)","3/22 (14%)","–","3/13 (23%)","18/67 (27%)"
"IncFIB(AP001918)","–","2/18 (11%)","12/22 (55%)","1/1 (100%)","1/13 (8%)","16/67 (24%)"
"ColRNAI","8/13 (62%)","–","1/22 (5%)","–","1/13 (8%)","10/67 (15%)"
"IncFIB(K)","5/13 (38%)","2/18 (11%)","2/22 (9%)","–","–","9/67 (13%)"
"IncHI2A","–","–","7/22 (32%)","1/1 (100%)","–","8/67 (12%)"
"IncHI2","–","–","7/22 (32%)","1/1 (100%)","–","8/67 (12%)"
"IncFII(pHN7A8)","6/13 (46%)","–","1/22 (5%)","–","1/13 (8%)","8/67 (12%)"
"Col(MG828)","1/13 (8%)","–","3/22 (14%)","1/1 (100%)","1/13 (8%)","6/67 (9%)"
"Col156","1/13 (8%)","3/18 (17%)","1/22 (5%)","–","1/13 (8%)","6/67 (9%)"
"IncFIA","–","1/18 (6%)","4/22 (18%)","–","1/13 (8%)","6/67 (9%)"
"Col(BS512)","1/13 (8%)","–","5/22 (23%)","–","–","6/67 (9%)"
"IncI1-I(Alpha)","–","1/18 (6%)","4/22 (18%)","1/1 (100%)","–","6/67 (9%)"
"IncHI1B(pNDM-MAR)","5/13 (38%)","1/18 (6%)","–","–","–","6/67 (9%)"
"repB_KLEB_VIR_AP006726","5/13 (38%)","–","1/22 (5%)","–","–","6/67 (9%)"
"IncFIB(pECLA)","–","3/18 (17%)","–","–","2/13 (15%)","5/67 (7%)"
"IncN","2/13 (15%)","1/18 (6%)","–","–","2/13 (15%)","5/67 (7%)"
"IncX1","–","–","2/22 (9%)","–","3/13 (23%)","5/67 (7%)"
"Col440I","1/13 (8%)","1/18 (6%)","2/22 (9%)","1/1 (100%)","–","5/67 (7%)"
"IncFII(pECLA)","–","3/18 (17%)","–","–","1/13 (8%)","4/67 (6%)"
"IncFIA(HI1)","–","4/18 (22%)","–","–","–","4/67 (6%)"
"IncB/O/K/Z","–","1/18 (6%)","3/22 (14%)","–","–","4/67 (6%)"
"p0111","–","–","4/22 (18%)","–","–","4/67 (6%)"
"IncY","–","–","3/22 (14%)","1/1 (100%)","–","4/67 (6%)"
"IncFIB(pB171)","–","3/18 (17%)","–","–","–","3/67 (4%)"
"IncFII(Yp)","–","3/18 (17%)","–","–","–","3/67 (4%)"
"IncFIB(pQil)","–","3/18 (17%)","–","–","–","3/67 (4%)"
"IncFIC(FII)","–","–","2/22 (9%)","1/1 (100%)","–","3/67 (4%)"
"IncFII","–","–","3/22 (14%)","–","–","3/67 (4%)"
"IncFII(pKP91)","2/13 (15%)","–","1/22 (5%)","–","–","3/67 (4%)"
"IncC","–","2/18 (11%)","–","–","–","2/67 (3%)"
"IncFIB(pHCM2)","–","1/18 (6%)","1/22 (5%)","–","–","2/67 (3%)"
"IncI(Gamma)","–","–","2/22 (9%)","–","–","2/67 (3%)"
"IncFII(pAMA1167-NDM-5)","–","–","2/22 (9%)","–","–","2/67 (3%)"
"IncX4","–","–","1/22 (5%)","1/1 (100%)","–","2/67 (3%)"
"IncFIB(K)(pCAV1099-114)","–","2/18 (11%)","–","–","–","2/67 (3%)"
"Col3M","2/13 (15%)","–","–","–","–","2/67 (3%)"
"Col(IRGK)","–","1/18 (6%)","–","–","–","1/67 (1%)"
"IncU","–","1/18 (6%)","–","–","–","1/67 (1%)"
"IncQ1","–","–","1/22 (5%)","–","–","1/67 (1%)"
"IncFII(pRSB107)","–","–","–","–","1/13 (8%)","1/67 (1%)"
"IncFII(pCoo)","–","–","1/22 (5%)","–","–","1/67 (1%)"
"ColKP3","–","–","–","1/1 (100%)","–","1/67 (1%)"
"Col440II","1/13 (8%)","–","–","–","–","1/67 (1%)"
"IncFIB(pNDM-Mar)","–","1/18 (6%)","–","–","–","1/67 (1%)"
"pSM22","–","–","1/22 (5%)","–","–","1/67 (1%)"
