"Factor","Coefficient","SE","P","OR","OR_CI_lower","OR_CI_upper"
"Endotracheal intubation","2.578","0.931","**0.0044**","13.17","2.08","158.92"
"Diabetes","3.118","0.876","**0.0002**","22.59","3.92","255.40"
"Cerebrovascular disease","2.395","0.890","**0.0115**","10.97","1.69","108.69"
"Urinary catheterization","1.881","0.800","**0.0294**","6.56","1.20","52.45"
"Age (per year)","0.077","0.038","0.0630","1.08","1.00","1.19"
"Gastric tube placement","0.823","0.816","0.3710","2.28","0.37","16.08"
"Pulmonary disease","0.133","0.870","0.8898","1.14","0.14","6.85"
"Albumin ≤35 g/L","0.912","0.732","0.2552","2.49","0.51","13.21"
"Hospital stay >7 days","0.348","0.850","0.7150","1.42","0.20","9.36"
