"Gene","distance","Z","FC","p_value","p_adj"
"ADIRF",0.00267376769292991,3.66395039292399,34619.7135757363,0,0
"SRGN",0.000149091040748928,2.07476086129541,107.641370949678,3.22091132774073e-25,8.05227831935182e-23
"SORBS2",7.57974092861427e-05,1.77214525157571,27.8217761159502,1.33020448828232e-07,2.21700748047054e-05
"FRZB",7.32028838208424e-05,1.75718844379035,25.9497099770906,3.50428080158735e-07,4.38035100198419e-05
"C12orf75",6.92751301080908e-05,1.73362702401992,23.2397166089132,1.43013100290382e-06,0.000143013100290382
"CRIP1",6.79737718949533e-05,1.72555915412414,22.3747848107306,2.24299600537913e-06,0.000186916333781594
"CCDC3",6.48559316389514e-05,1.7056586832515,20.3692731517172,6.38467783754003e-06,0.000456048416967145
"HLA-DRA",5.90349036011594e-05,1.66612082548491,16.8769453636517,3.98830764395549e-05,0.00249269227747218
"BGN",5.67086510999396e-05,1.64934734810127,15.5730888619981,7.93763381345408e-05,0.00440979656303005
"HLA-DRB1",5.28378150515653e-05,1.62003540995583,13.5196618212354,0.000236076954502165,0.0118038477251083
"RERGL",4.95529112889156e-05,1.59362800288929,11.8908931694909,0.000564090652899574,0.0256404842227079
"CD74",4.69341030878631e-05,1.57143991154719,10.6672671932071,0.0010904810814784,0.0454367117282668
"ARPC1A",4.62277506213308e-05,1.56526759396809,10.3486012034265,0.00129572834485101,0.0485660677987218
"S100A4",4.60282356326743e-05,1.56350904181136,10.2594666256848,0.00135984989836421,0.0485660677987218
"HLA-DPB1",4.55732422349461e-05,1.55947327128274,10.0576375631931,0.00151717651461044,0.0505725504870147
"GADD45B",3.57010028211879e-05,1.46171559824879,6.17215691131663,0.0129776291234496,0.405550910107799
"NTRK2",3.51738010192609e-05,1.45584612603703,5.99121262101687,0.0143773155650007,0.422862222500022
"C2orf40",3.38340486434569e-05,1.44057201284654,5.54350018471072,0.0185494461239668,0.49176289108901
"ATF3",3.37945743984625e-05,1.44011390560453,5.53057250734757,0.0186869898613824,0.49176289108901
"CRIM1",3.29004955618925e-05,1.4296088402357,5.2418067613484,0.022050362124628,0.547043057809476
"LBH",3.23802148918722e-05,1.42337876672261,5.07733221746481,0.0242406406563302,0.547043057809476
"BCAM",3.23294177267055e-05,1.42276575633271,5.06141436269092,0.0244642648444286,0.547043057809476
"NR4A1",3.19448965424073e-05,1.41809755215783,4.94173098128514,0.0262157699235409,0.547043057809476
"ID4",3.18760702969326e-05,1.41725673272439,4.92045970317196,0.0265404542565162,0.547043057809476
"PTN",3.1517031489386e-05,1.41284426237874,4.8102399275658,0.0282911060683277,0.547043057809476
"RRAD",3.14861475561827e-05,1.41246263201053,4.80081731800368,0.0284462390060928,0.547043057809476
"CYBA",2.8816630267474e-05,1.37815155760673,4.02126335506661,0.0449300453864193,0.832037877526284
"SNCG",2.72952706463969e-05,1.35731635203958,3.60787047297268,0.057506712102962,0.999999999999909
"HLA-DPA1",2.71418095030392e-05,1.35515793793252,3.56741573616908,0.0589239451944794,0.999999999999909
"JUNB",2.69049652405396e-05,1.35180543628303,3.50542757143137,0.0611680544811332,0.999999999999909
"MT1E",2.64341661522523e-05,1.34506295862449,3.38382082200224,0.0658392585509946,0.999999999999909
"RCAN2",2.60792161729264e-05,1.33990889378412,3.29355709234436,0.0695521916429885,0.999999999999909
"MT1X",2.58467252590005e-05,1.33649921315957,3.23509605847434,0.0720760764814989,0.999999999999909
"NOV",2.49321947238001e-05,1.32281762097906,3.01021245176412,0.0827414457307746,0.999999999999909
"MTHFD2",2.48259866115461e-05,1.32120002509059,2.98462080009754,0.0840589741887035,0.999999999999909
"C11orf96",2.46816332629327e-05,1.31899160369616,2.9500129167568,0.0858768716768142,0.999999999999909
"WFDC1",2.42754115530037e-05,1.31271495057145,2.85370667125124,0.0911635305101304,0.999999999999909
"VASN",2.3731515418384e-05,1.30416372825212,2.72726331742382,0.0986481917423578,0.999999999999909
"ARC",2.21801379637691e-05,1.27878197307477,2.38234477961413,0.122713235731383,0.999999999999909
"JUN",2.21323969906485e-05,1.27797622952171,2.3721002035854,0.123520773719439,0.999999999999909
"NOTCH3",2.17735624097935e-05,1.27187026734981,2.29580558813202,0.129723889420217,0.999999999999909
"EGR1",2.1567878113024e-05,1.26833001356413,2.2526357315843,0.133387036573726,0.999999999999909
"MT1M",2.13105522856198e-05,1.26385854223073,2.19920410630157,0.138082015578297,0.999999999999909
"FOSB",2.09221110970288e-05,1.25701727472863,2.11976216052396,0.145409123511407,0.999999999999909
"MAP3K7CL",2.09028705280042e-05,1.25667549131196,2.11586516597548,0.145779649587171,0.999999999999909
"ZFP36",2.08815668496785e-05,1.2562967341864,2.11155449096054,0.146190748783091,0.999999999999909
"HLA-B",2.07416611358502e-05,1.25380081667125,2.08335460597036,0.14891259846346,0.999999999999909
"FXYD5",2.01868438963074e-05,1.24375370342825,1.97339024454337,0.160088465997698,0.999999999999909
"CEBPB",2.00050069623807e-05,1.24040758383043,1.93799896751431,0.163885967886167,0.999999999999909
"CRISPLD2",1.93681760400193e-05,1.22847236861605,1.81657601299324,0.177721384436062,0.999999999999909
"CSRP2",1.93212545455539e-05,1.22757929661823,1.8077849720707,0.178774171894794,0.999999999999909
"BTG2",1.90578837436879e-05,1.22253052382163,1.75883651879092,0.184769704080573,0.999999999999909
"ZNF703",1.87509023073899e-05,1.21656713601714,1.70263073935602,0.191944292856085,0.999999999999909
"PGF",1.86718534200109e-05,1.2150175430607,1.68830530978029,0.193824517353222,0.999999999999909
"THBS1",1.82806387043428e-05,1.20726194339707,1.61829934530604,0.203329082731513,0.999999999999909
"GPX3",1.82271263173493e-05,1.20618968452487,1.60883881028119,0.204655106419785,0.999999999999909
"VIM",1.7621520419175e-05,1.1938563863465,1.50370582661756,0.22010203925622,0.999999999999909
"GADD45G",1.7511808378282e-05,1.19158199777255,1.48503989279791,0.222987646115049,0.999999999999909
"CDKN1A",1.74273039568871e-05,1.1898215544706,1.4707421517487,0.225228635380169,0.999999999999909
"PHLDA2",1.72017015230005e-05,1.18508436417013,1.43291009718346,0.231290095659469,0.999999999999909
"S100A10",1.70545874789003e-05,1.18196553429925,1.40850556001421,0.235304637251412,0.999999999999909
"ADAMTS1",1.70514226647946e-05,1.18189817849361,1.40798285670441,0.235391539295002,0.999999999999909
"IFI27",1.62540088927923e-05,1.16456338927638,1.27937280137576,0.258015684830092,0.999999999999909
"MYC",1.59617783439562e-05,1.15802156538668,1.23378270715925,0.266672650914728,0.999999999999909
"FHL5",1.53540965662975e-05,1.14407121370181,1.1416281342445,0.285308557278573,0.999999999999909
"FOS",1.51893323906218e-05,1.14020452954578,1.11725806803887,0.290509629764811,0.999999999999909
"DUSP1",1.45977544118433e-05,1.12600809842707,1.03192523629159,0.309706913620223,0.999999999999909
"HES1",1.44754859793907e-05,1.12301053484097,1.01471115255521,0.313776832074416,0.999999999999909
"INTS6",1.37020650151473e-05,1.10351216252976,0.909176444794623,0.340333026599843,0.999999999999909
"IER5L",1.35521947401316e-05,1.09962145847816,0.889396456846502,0.345640914770945,0.999999999999909
"B2M",1.2606038884715e-05,1.07414014584525,0.769543922114627,0.38035818064966,0.999999999999909
"HLA-C",1.25681391770004e-05,1.07308456935001,0.764923652834426,0.381792056776785,0.999999999999909
"ISYNA1",1.23370799729891e-05,1.0665874647947,0.737056681677215,0.390605362290824,0.999999999999909
"RAMP2",1.23128485645981e-05,1.06589987563016,0.734164201113596,0.391536729932928,0.999999999999909
"KLF2",1.20884599285672e-05,1.05947504784387,0.707649294502925,0.400225295393348,0.999999999999909
"EPAS1",1.20522519327283e-05,1.05842843493014,0.703416465865856,0.401638087970615,0.999999999999909
"MAFB",1.20153949214992e-05,1.05736019711878,0.699120806130835,0.403079273896565,0.999999999999909
"LY6E",1.1793773855405e-05,1.05087499769071,0.673568423570336,0.411810251763073,0.999999999999909
"MTRNR2L8",1.12882967067187e-05,1.03566974075519,0.617067906934301,0.43213896148289,0.999999999999909
"TENT5B",1.12378278419988e-05,1.03411864580433,0.611562541596531,0.434200091500784,0.999999999999909
"DNAJB1",1.11148939047539e-05,1.03031445067916,0.598255597552292,0.439244369701388,0.999999999999909
"MIDN",1.07018499928472e-05,1.01725380722813,0.554617853931596,0.456436956300319,0.999999999999909
"CD55",1.05969253080098e-05,1.0138649748212,0.543795831424206,0.460863854217066,0.999999999999909
"COTL1",1.0463775385934e-05,1.00952147342792,0.530216141283809,0.466516003385298,0.999999999999909
"SDCBP",1.03514409206317e-05,1.00581874729675,0.518892917814762,0.471314314136118,0.999999999999909
"HEXIM1",9.99830101089548e-06,0.993942220292255,0.484092710168479,0.486574312281283,0.999999999999909
"PCAT19",9.97135771842222e-06,0.993020899251275,0.481487172020209,0.487749459954518,0.999999999999909
"HLA-DRB5",9.77787439658327e-06,0.986339220424271,0.462982990640422,0.496233158443217,0.999999999999909
"PMAIP1",9.40929275421188e-06,0.973280000853451,0.428736136232994,0.512609759416157,0.999999999999909
"MT1A",9.16980391260781e-06,0.964549593579626,0.407189176238899,0.523399627206804,0.999999999999909
"TSC22D3",9.09290428381136e-06,0.961703404790847,0.400388289362621,0.526888796205367,0.999999999999909
"TMSB10",8.92231952697636e-06,0.955312862510779,0.385506470631741,0.534670899811061,0.999999999999909
"ICAM1",8.90356006009153e-06,0.954603493301361,0.383887095042295,0.535530235494635,0.999999999999909
"IER3",8.87486235229869e-06,0.953515753890091,0.381416414712951,0.536846168360198,0.999999999999909
"MT2A",8.80048037083557e-06,0.950681854543867,0.375049753882055,0.540264504377504,0.999999999999909
"MYLIP",8.7769975014449e-06,0.949782766884614,0.373050887103044,0.541345951794192,0.999999999999909
"EMP1",8.70487361579715e-06,0.947007976489711,0.366945078901997,0.544674189071964,0.999999999999909
"PLAC9",8.55712790167987e-06,0.941259638921178,0.354594646312715,0.551523665134405,0.999999999999909
"ATP1A1",8.23790088624292e-06,0.928533018266964,0.328631548005536,0.566465995381372,0.999999999999909
"SAT1",7.84389565208219e-06,0.912208516437676,0.297947497980064,0.585172025424558,0.999999999999909
"NPDC1",7.64068441576982e-06,0.903503020102231,0.282709662589464,0.594930683037547,0.999999999999909
"CLEC2B",7.60003474466609e-06,0.901737022298457,0.27970954260344,0.596891655984693,0.999999999999909
"TM4SF1",7.48639114718721e-06,0.896755077472927,0.271407069744178,0.602389456122958,0.999999999999909
"NFIL3",7.31114823834228e-06,0.888939822495348,0.258849485927443,0.610911677280336,0.999999999999909
"LMO4",7.25731864377412e-06,0.886505876415653,0.255051869586367,0.613540151225743,0.999999999999909
"MYL9",7.21454633798641e-06,0.884560464614977,0.252054341281866,0.615632252925444,0.999999999999909
"IRF2BP2",7.21213994798723e-06,0.884450711513713,0.251886225405209,0.615750048639361,0.999999999999909
"CRYAB",7.20989835366805e-06,0.884348445394059,0.251729672983701,0.615859786311222,0.999999999999909
"SOCS3",6.71975862508754e-06,0.861280488295114,0.218667114658765,0.640057392141232,0.999999999999909
"ITM2A",6.5965236558517e-06,0.855246431443279,0.210720300050492,0.646203425135896,0.999999999999909
"IFITM1",6.44917646421591e-06,0.847899253207971,0.201411678337155,0.653583784758318,0.999999999999909
"GNG11",6.26825089089181e-06,0.838671567029417,0.190269365426124,0.662692521541804,0.999999999999909
"ID2",6.12264836754461e-06,0.831072481405945,0.181532656735684,0.670059394762578,0.999999999999909
"MARCKSL1",5.68264753827084e-06,0.807093876559392,0.156378688973218,0.692512693510633,0.999999999999909
"HLA-E",5.41619318405836e-06,0.791760565375434,0.142057582680226,0.706244004752019,0.999999999999909
"ERRFI1",5.22085171696459e-06,0.78008899986678,0.131995414654651,0.716372030339965,0.999999999999909
"UPP1",5.20974783581721e-06,0.779413991380566,0.131434547245659,0.71694926368123,0.999999999999909
"IRS2",4.95841803607275e-06,0.763784099814289,0.119059047801318,0.730057277101147,0.999999999999909
"INSIG1",4.62580793917777e-06,0.741983235374556,0.103621845296211,0.747525822793097,0.999999999999909
"H1FX",4.34367340284814e-06,0.722373446335473,0.0913672292099361,0.762446149650454,0.999999999999909
"THBD",4.13113677702131e-06,0.706841255717732,0.0826447510889569,0.773744812696018,0.999999999999909
"CXCL8",4.05389836127536e-06,0.701020864026083,0.0795832809125095,0.777862931635544,0.999999999999909
"ZC3H12A",3.95498826908926e-06,0.693422198222807,0.0757471900951335,0.783145628878055,0.999999999999909
"ARL4A",3.93366480452702e-06,0.691762012843987,0.0749326044482658,0.784285815985355,0.999999999999909
"SLC2A3",3.86558383671166e-06,0.68640752318644,0.0723612934084565,0.787929262987818,0.999999999999909
"CYR61",3.73921784827508e-06,0.676243623581908,0.0677076380231212,0.794704171417631,0.999999999999909
"TAGLN2",3.73166986901847e-06,0.675626939396591,0.0674345648512631,0.795109340180481,0.999999999999909
"PNP",3.59396419072713e-06,0.664177597753859,0.0625494677935781,0.802510854238984,0.999999999999909
"TPM3",3.50547297799198e-06,0.656613244835616,0.0595071807033274,0.807276563612379,0.999999999999909
"PPP1R10",3.44867084013827e-06,0.651668076555122,0.0575943150149658,0.810339438488421,0.999999999999909
"SBSPON",3.28536933518497e-06,0.637038098760365,0.0522690402857543,0.819160987516205,0.999999999999909
"FAM107B",3.20351174678733e-06,0.629460553860343,0.0496968393697881,0.823591637785608,0.999999999999909
"IFI6",3.18531739079964e-06,0.627753031367503,0.0491339356884058,0.824577200936801,0.999999999999909
"MTRNR2L10",3.14933998217792e-06,0.624350997148986,0.0480302913587812,0.826526860411219,0.999999999999909
"RGS16",3.14575777989168e-06,0.624010381003471,0.0479210898312568,0.826721043071007,0.999999999999909
"CAVIN2",3.134664509343e-06,0.622953385768728,0.0475837057567615,0.827322450032457,0.999999999999909
"FN1",3.07589139655993e-06,0.617297423127543,0.045816100453452,0.830510438065155,0.999999999999909
"MAFF",2.99159708724594e-06,0.609015997328625,0.0433393437629545,0.835087615260371,0.999999999999909
"ACKR1",2.96653941199798e-06,0.606514364243085,0.042616361983156,0.836449331108386,0.999999999999909
"KLF6",2.92633194760313e-06,0.60246085995235,0.041468975381319,0.83863535875978,0.999999999999909
"SLC9A3R2",2.89118945793049e-06,0.598877367862003,0.0404789492826655,0.8405470312441,0.999999999999909
"ETS2",2.86375303961259e-06,0.596052743613627,0.0397143312572392,0.84204016529928,0.999999999999909
"HES4",2.7795929095058e-06,0.587236214092057,0.037414376992236,0.846623817383355,0.999999999999909
"HSPA1B",2.7769009537749e-06,0.586950323743542,0.0373419425900253,0.846770517167889,0.999999999999909
"CXCL2",2.71720591106498e-06,0.580546664010759,0.0357537195300052,0.85002499087942,0.999999999999909
"TXN",2.71690510283764e-06,0.58051408110249,0.0357458037385431,0.850041396961258,0.999999999999909
"HSPB8",2.66508653420885e-06,0.57485293161985,0.0343952727347931,0.852868544972432,0.999999999999909
"PHLDA1",2.60708037656356e-06,0.568398933385774,0.0329143262090226,0.856035521004523,0.999999999999909
"TMEM70",2.57628752150096e-06,0.564920933099574,0.0321413998466157,0.857717671765159,0.999999999999909
"CST3",2.5028503654932e-06,0.556475307344543,0.0303351327102236,0.861731988459607,0.999999999999909
"SNHG7",2.4851014317354e-06,0.55440118469499,0.0299064157704241,0.862702743841262,0.999999999999909
"NFKBIA",2.34755869573538e-06,0.53786768444238,0.0266875709518217,0.870232389391534,0.999999999999909
"TIMP1",2.28757483452726e-06,0.530387029398288,0.025341175004439,0.873519877820954,0.999999999999909
"AQP1",2.25131831916688e-06,0.525780740379496,0.0245442597345573,0.875508023381227,0.999999999999909
"BAG3",2.21579372012874e-06,0.521203251179455,0.0237757804631766,0.877456796373738,0.999999999999909
"ATP1B3",2.16492966986901e-06,0.514534708285646,0.0226967520049049,0.880248336228098,0.999999999999909
"SPTBN1",2.12223495015483e-06,0.50882918290819,0.0218103709717003,0.882592674705497,0.999999999999909
"ZNF331",2.09696250121825e-06,0.505403797289755,0.0212940101235969,0.88398085401623,0.999999999999909
"RGCC",2.09695167958192e-06,0.505402322727284,0.0212937903433776,0.883981448509782,0.999999999999909
"ARID5A",2.04456958840107e-06,0.498184452978612,0.020243235194196,0.886859851638913,0.999999999999909
"PLK3",2.01236947340426e-06,0.493665782300191,0.0196106310470992,0.888629995865597,0.999999999999909
"ECSCR",1.97798076623281e-06,0.488768696003451,0.0189461187950364,0.890521067313928,0.999999999999909
"DDIT4",1.97693278494442e-06,0.48861827849025,0.0189260479041049,0.890578706751661,0.999999999999909
"KLHL21",1.90177733708606e-06,0.477642478405572,0.0175144080265564,0.894713779163343,0.999999999999909
"RND1",1.8602840467839e-06,0.471417024443453,0.0167584809883049,0.896997984661231,0.999999999999909
"ESAM",1.85971243691571e-06,0.471330407221681,0.0167481838066389,0.897029457788884,0.999999999999909
"FXYD6",1.8533529256446e-06,0.470365143164055,0.0166338347823236,0.897379626604453,0.999999999999909
"JAM2",1.78870594536698e-06,0.460382694128847,0.0154936602593391,0.90094035549706,0.999999999999909
"EGFL7",1.7796209855497e-06,0.458954315733262,0.0153366732283118,0.901440912785893,0.999999999999909
"ZC3HAV1",1.76614095889907e-06,0.456822976161837,0.0151052129595925,0.902183698807825,0.999999999999909
"NAMPT",1.75412889002444e-06,0.454911559356922,0.0149004412777746,0.902845668554747,0.999999999999909
"ING1",1.72691036920566e-06,0.450537146907119,0.0144416136412579,0.904345895643035,0.999999999999909
"NDUFA4L2",1.70995416400426e-06,0.447781059448521,0.0141594070157339,0.905280658663814,0.999999999999909
"SOX17",1.70324788570829e-06,0.446684325080538,0.0140485610996073,0.9056503991975,0.999999999999909
"SYNPO2",1.68329937727356e-06,0.443399211771511,0.0137214135306742,0.906750350700642,0.999999999999909
"NFKBIZ",1.67252088126381e-06,0.441609834666179,0.0135462543180111,0.907344746541173,0.999999999999909
"LDB2",1.66271187659017e-06,0.439972505418061,0.0133878280409042,0.907885723481026,0.999999999999909
"DEPP1",1.62126865125858e-06,0.432958906425803,0.0127287600068702,0.910171829688543,0.999999999999909
"BAZ1A",1.5705155233409e-06,0.424150094919958,0.0119442970190734,0.912972503622398,0.999999999999909
"KLF9",1.56712782992312e-06,0.423553183009559,0.0118928235065831,0.913159483187425,0.999999999999909
"FSCN1",1.5052934625356e-06,0.412452065911828,0.0109728256494359,0.916573189182898,0.999999999999909
"NEDD9",1.48091323607214e-06,0.407963744841413,0.0106202650886234,0.917919581191857,0.999999999999909
"MANF",1.45088615561042e-06,0.402345013627799,0.0101939570855459,0.919578142449204,0.999999999999909
"SGK1",1.42130796920032e-06,0.396708645621087,0.00978255976500823,0.921212250984037,0.999999999999909
"NDRG1",1.40972712805316e-06,0.394473476906915,0.00962379230913738,0.921852149695282,0.999999999999909
"HSPA1A",1.38966823702479e-06,0.390563219642071,0.00935186846831821,0.922960622031362,0.999999999999909
"JUND",1.38781285154641e-06,0.39019901116229,0.00932691324897959,0.923063159892963,0.999999999999909
"BAIAP2",1.34334491494704e-06,0.381338359145675,0.00873878790676789,0.925521058665084,0.999999999999909
"ID3",1.34152627006879e-06,0.380970475206138,0.00871514246211237,0.925621596839113,0.999999999999909
"CBR3",1.33867356599666e-06,0.380392525956887,0.00867811703935874,0.92577930217932,0.999999999999909
"SH3BGRL3",1.2708110924263e-06,0.366311586681347,0.00782056484800397,0.929531772790868,0.999999999999909
"FAM43A",1.24804233070291e-06,0.361437767488226,0.00754283763525788,0.930791131843841,0.999999999999909
"CD320",1.23669910943829e-06,0.358980202630109,0.00740634986642243,0.931418599673171,0.999999999999909
"CD83",1.18644077592484e-06,0.3478453431015,0.00681660699796478,0.934199224625266,0.999999999999909
"HBEGF",1.09944445989143e-06,0.32754352273197,0.00585359563297273,0.93901431750092,0.999999999999909
"NANS",1.06039430918241e-06,0.317964014505215,0.00544516324420183,0.941176410449914,0.999999999999909
"PFKFB3",1.05723847224703e-06,0.317176264465798,0.00541280079857971,0.941351159085432,0.999999999999909
"SLC25A25",1.02872352929318e-06,0.309962429830591,0.00512475932261924,0.942930248325289,0.999999999999909
"DUSP5",1.00855896919605e-06,0.304753403433736,0.00492582206171945,0.944047049136549,0.999999999999909
"RBP1",9.96349999917999e-07,0.301554492162995,0.0048072861929102,0.944723288416566,0.999999999999909
"DNAJB9",9.95950374122491e-07,0.301449199183539,0.004803430659615,0.944745423857058,0.999999999999909
"SLC25A33",9.90376397354553e-07,0.299976658491755,0.00474981495993231,0.945054173208897,0.999999999999909
"ASPN",9.78978992901163e-07,0.296942679627218,0.00464112080664274,0.945685514945223,0.999999999999909
"EMCN",9.77052994533863e-07,0.296426892746922,0.00462287731362197,0.94579220605062,0.999999999999909
"STMN1",8.90769314705604e-07,0.272341445908996,0.00384243583233839,0.950572878422775,0.999999999999909
"B4GALT1",8.72702996557686e-07,0.267037880319801,0.0036881541284432,0.951574100029057,0.999999999999909
"SOD2",8.48224534447456e-07,0.259694602543901,0.00348415757066326,0.95293079943828,0.999999999999909
"IGFBP5",8.37268031103622e-07,0.256346774984407,0.00339472927695778,0.953538099403608,0.999999999999909
"TAGLN",8.33761843366806e-07,0.255267238725417,0.00336635691391634,0.953732447019888,0.999999999999909
"AP1S2",8.18700050958654e-07,0.25058355854945,0.00324582994393339,0.954567351734775,0.999999999999909
"SNHG12",7.96635555923649e-07,0.243582566008632,0.00307323308545149,0.955790519760591,0.999999999999909
"H2AFZ",7.9075873969379e-07,0.241688914642134,0.00302805757657827,0.956116324803766,0.999999999999909
"UBE2S",7.78356938416486e-07,0.237651489748448,0.00293382179054017,0.956803892742771,0.999999999999909
"MKNK2",7.64969816080155e-07,0.233228822614773,0.00283377083407156,0.957546123898902,0.999999999999909
"RPS2",7.63392040750972e-07,0.232703069310315,0.00282209339851992,0.957633603986455,0.999999999999909
"EGR3",7.55989412431216e-07,0.230223405260714,0.00276762697073879,0.95804405107847,0.999999999999909
"DES",7.25133312726185e-07,0.219650132731244,0.00254631331999823,0.95975502097252,0.999999999999909
"CDKN1C",7.24954743596037e-07,0.219587792344994,0.00254505937962339,0.959764923173109,0.999999999999909
"RYBP",7.23021340278084e-07,0.218911948235309,0.00253150249263071,0.959872136656064,0.999999999999909
"IDI1",7.2119587012585e-07,0.218272362395974,0.00251873565367816,0.959973365561174,0.999999999999909
"TNFAIP3",7.13892536375871e-07,0.215699077946108,0.00246798099270045,0.960378368203249,0.999999999999909
"JPT1",7.13387026339451e-07,0.215520102886094,0.00246448705660607,0.960406401383657,0.999999999999909
"WTAP",6.44501640371858e-07,0.190012111652194,0.00201151919736544,0.964226900273051,0.999999999999909
"H2AFX",6.28221361895363e-07,0.183631835989045,0.00191117971639608,0.965129955060747,0.999999999999909
"TCIM",6.25907403607217e-07,0.182713130869388,0.00189712656312779,0.965258312241793,0.999999999999909
"CLDN5",6.14888264976444e-07,0.178296515880644,0.00183091649369896,0.965869565273806,0.999999999999909
"HSPB6",6.07318671014137e-07,0.175221714783711,0.00178611490074721,0.966289477002712,0.999999999999909
"SELE",6.04351069694623e-07,0.17400699125697,0.00176870220765497,0.966454102736207,0.999999999999909
"BTG1",6.03652192131068e-07,0.173720152214349,0.00176461388340534,0.966492872718152,0.999999999999909
"MDK",5.93807647942662e-07,0.169648097432347,0.00170752747799085,0.967039003646432,0.999999999999909
"POLR2A",5.73119601272484e-07,0.160892123416194,0.00159062077944979,0.968186733282027,0.999999999999909
"CYTOR",5.61798443598763e-07,0.155981340911536,0.00152840057012597,0.968814835523631,0.999999999999909
"KLF4",5.61557566314723e-07,0.155875906278412,0.00152709021387003,0.968828199700827,0.999999999999909
"GEM",5.53117181061977e-07,0.152155919338134,0.00148152991544987,0.969296488479335,0.999999999999909
"EMP3",5.24052525845313e-07,0.138949250404119,0.0013299207579446,0.970909131344685,0.999999999999909
"MSX1",5.08620602609438e-07,0.131671156582175,0.00125274888188271,0.971765415310033,0.999999999999909
"TRIB1",4.88492645535982e-07,0.121878481906779,0.00115555916618507,0.97288232077305,0.999999999999909
"BST2",4.82935727103362e-07,0.119111981800588,0.00112941824224567,0.973190685052732,0.999999999999909
"C12orf65",4.70044714518437e-07,0.112584007064774,0.00106992780683489,0.973906047924313,0.999999999999909
"PIM3",4.65532883236903e-07,0.110261720813677,0.00104948649362326,0.974156428634738,0.999999999999909
"YBX3",4.65474411939876e-07,0.110231494383708,0.00104922287751807,0.974159673472507,0.999999999999909
"ISG15",4.44659884619156e-07,0.0992516092655221,0.000957485111367454,0.975314792874633,0.999999999999909
"TMEM123",4.34002178636495e-07,0.0934521294941849,0.000912136735400115,0.975906271273616,0.999999999999909
"PTGER3",4.23232472994694e-07,0.0874620989058211,0.000867429308106797,0.976503978855682,0.999999999999909
"NEAT1",3.99290507649647e-07,0.0736464416766823,0.000772065416354625,0.977832780074405,0.999999999999909
"MFAP5",3.87268450784625e-07,0.0664300961455994,0.000726273777465592,0.978500038779605,0.999999999999909
"ANXA1",3.78180175719475e-07,0.060841847146864,0.000692585900785233,0.97900447417412,0.999999999999909
"TGFB1",3.6478298401891e-07,0.0523831891328863,0.000644384775314464,0.979748086823382,0.999999999999909
"PDK4",3.60853549546225e-07,0.0498500406437397,0.000630576948905859,0.979966193897438,0.999999999999909
"MAP3K8",3.52428260603739e-07,0.0443351658459517,0.000601474999567699,0.980433852764462,0.999999999999909
"IRF1",3.43083670806076e-07,0.0380802377945629,0.000570001795762247,0.98095254672455,0.999999999999909
"CDC42EP3",3.35814717214876e-07,0.0331094223765052,0.00054610427755286,0.98135603307819,0.999999999999909
"IL6ST",3.33712634241704e-07,0.0316541625759311,0.000539288831170396,0.981472716762999,0.999999999999909
"ARL4D",3.33699964877266e-07,0.0316453670572789,0.000539247883862192,0.981473420022898,0.999999999999909
"SMOC2",3.31137597273004e-07,0.0298603715476959,0.000530998279691363,0.981615654002318,0.999999999999909
"CTNNAL1",3.2640352727003e-07,0.0265300929801,0.000515924098775198,0.981878438134001,0.999999999999909
"FABP5",3.23781737580194e-07,0.0246672866941394,0.000507669212362562,0.982023972260151,0.999999999999909
"RPS28",3.23695181155486e-07,0.0246055599812216,0.000507397818683703,0.98202877697065,0.999999999999909
"HIST1H4C",3.21830333386589e-07,0.0232721014243624,0.00050156829695456,0.982132294039003,0.999999999999909
"ARL6IP1",2.92504766950139e-07,0.00134854206183837,0.000414325844240759,0.983760184744537,0.999999999999909
"HERPUD1",2.83989142042299e-07,-0.00538264397235587,0.000390552659006729,0.98423290833223,0.999999999999909
"ACTG2",2.78638057127842e-07,-0.00970448532529528,0.00037597329115386,0.984529963251335,0.999999999999909
"SOCS2",2.57249200061673e-07,-0.0277483881203516,0.000320467648418896,0.985717344451977,0.999999999999909
"TCEAL4",2.40073695097532e-07,-0.0432272005250318,0.000279103499297882,0.986670848615328,0.999999999999909
"RSPO3",2.39345870031219e-07,-0.0439045562377306,0.000277413763169473,0.986711254508465,0.999999999999909
"RAMP1",2.39228269986463e-07,-0.0440141727701273,0.000277141221543712,0.986717783188764,0.999999999999909
"SRP14",2.32970693209489e-07,-0.0499169387498886,0.000262832285463235,0.987065179891541,0.999999999999909
"CNN1",2.29176719422383e-07,-0.0535645519613439,0.000254341439160753,0.987275807987766,0.999999999999909
"HSPA8",2.27855871245755e-07,-0.0548470066107533,0.000251418120229673,0.987349137047195,0.999999999999909
"STK17A",2.1950573829832e-07,-0.0631102804668225,0.000233328550790497,0.987812710862389,0.999999999999909
"AKAP13",2.16634746596149e-07,-0.066015822513911,0.000227264896021715,0.987972100489911,0.999999999999909
"HSPA2",2.15461599313697e-07,-0.0672129145514327,0.000224810134765299,0.988037230565323,0.999999999999909
"MYLK",2.13663397625623e-07,-0.0690590749959469,0.000221073347777585,0.988137062184655,0.999999999999909
"IL1B",2.08851471696543e-07,-0.0740679018127174,0.000211227864053176,0.988404209076923,0.999999999999909
"NMB",2.03318487562016e-07,-0.079955250565363,0.000200184233035858,0.988711389042267,0.999999999999909
"HOXA10",2.01609544415033e-07,-0.0818023415965906,0.0001968331778092,0.988806266411725,0.999999999999909
"TPM1",1.99503042434135e-07,-0.0840983110414614,0.000192741473045113,0.988923215731576,0.999999999999909
"CSTB",1.98137158242059e-07,-0.0855985530190081,0.000190111324418184,0.988999047369513,0.999999999999909
"CSRP1",1.96350458641509e-07,-0.0875748966362837,0.000186698129872016,0.989098242134904,0.999999999999909
"DDIT3",1.95265118163074e-07,-0.0887832296727297,0.000184639861094913,0.989158498621933,0.999999999999909
"ARRDC3",1.85881457392878e-07,-0.0994858565053684,0.00016732015775502,0.989679468035452,0.999999999999909
"TCF4",1.8326492152107e-07,-0.102555482842295,0.000162642790904499,0.98982473571334,0.999999999999909
"IL6",1.82757419189202e-07,-0.103155357948017,0.000161743248245522,0.98985291181773,0.999999999999909
"KPNA2",1.82306423569481e-07,-0.10368968098173,0.000160945956491506,0.989877950727412,0.999999999999909
"BAG2",1.705910562848e-07,-0.117997093698757,0.000140925194942702,0.990528381803517,0.999999999999909
"PDLIM3",1.69811806755591e-07,-0.118979334341802,0.00013964066012529,0.990571645558653,0.999999999999909
"SMTN",1.69338055954571e-07,-0.119578448674569,0.000138862591809505,0.990597948108027,0.999999999999909
"TCEAL1",1.69049281933682e-07,-0.119944366625046,0.000138389387870112,0.990613980788714,0.999999999999909
"TCEAL3",1.68644244046721e-07,-0.120458541653359,0.000137727027239331,0.99063646842431,0.999999999999909
"ATP1B1",1.66029865607517e-07,-0.123803929641635,0.000133489946911687,0.990781618455243,0.999999999999909
"THY1",1.65748730918493e-07,-0.124166446573936,0.000133038258519887,0.990797227043471,0.999999999999909
"HSPA6",1.60614451990279e-07,-0.13088467509078,0.000124923852281554,0.991082282645775,0.999999999999909
"SLMAP",1.59526244300851e-07,-0.132332996061098,0.000123236798983704,0.991142700176577,0.999999999999909
"PARVA",1.59054871891108e-07,-0.132963074895455,0.000122509588190431,0.991168870892462,0.999999999999909
"EMILIN1",1.56487497255296e-07,-0.136424182363144,0.000118586545303483,0.991311412350254,0.999999999999909
"HPCAL1",1.56040753805773e-07,-0.137031574268414,0.000117910425584173,0.991336215717366,0.999999999999909
"ITM2C",1.53261873154542e-07,-0.140844705287315,0.000113748161504667,0.991490500420611,0.999999999999909
"MRGPRF",1.50606837338481e-07,-0.144545550369043,0.00010984125971235,0.991637909500249,0.999999999999909
"IGFBP2",1.48763242401601e-07,-0.14714948326282,0.000107168560858732,0.991740267094767,0.999999999999909
"CKB",1.4727637233248e-07,-0.149270479493437,0.00010503699391252,0.991822819190845,0.999999999999909
"SVIL",1.4673077575656e-07,-0.150053523911103,0.000104260200286896,0.991853111127312,0.999999999999909
"FTL",1.4458916525718e-07,-0.153152327098546,0.000101238949139844,0.991972015082648,0.999999999999909
"SPON2",1.42738528976e-07,-0.155863030065486,9.86639642349456e-05,0.992074764056628,0.999999999999909
"SOX4",1.41122601305959e-07,-0.158255528593964,9.6442680825557e-05,0.992164481907102,0.999999999999909
"FHL2",1.36729780133577e-07,-0.164884269961134,9.05320508095255e-05,0.992408376039425,0.999999999999909
"KCNMA1",1.36310480737849e-07,-0.165526814804872,8.99776459168061e-05,0.992431656028023,0.999999999999909
"MAP2K3",1.36211385103101e-07,-0.165678927203583,8.98468687256947e-05,0.9924371579335,0.999999999999909
"TSC22D2",1.36003729994094e-07,-0.165997997274113,8.95731333132623e-05,0.992448687189053,0.999999999999909
"MAOB",1.35844127675242e-07,-0.166243525841486,8.93630259660982e-05,0.992457548498328,0.999999999999909
"CXCL12",1.3526104677072e-07,-0.167142701822765,8.85975302700379e-05,0.992489921846818,0.999999999999909
"ACTA2",1.35048465987088e-07,-0.167471379501272,8.83192634269835e-05,0.992501724588998,0.999999999999909
"GADD45A",1.30409042338588e-07,-0.174761182040537,8.23552972316428e-05,0.992759311404596,0.999999999999909
"C16orf72",1.29551045976936e-07,-0.17613444208563,8.12751865781996e-05,0.992806948558407,0.999999999999909
"CES1",1.28171242941748e-07,-0.178359866331611,7.9553138773908e-05,0.992883557199693,0.999999999999909
"ISOC1",1.27698822001659e-07,-0.179126692354909,7.89677764765784e-05,0.992909786702212,0.999999999999909
"HNRNPAB",1.25376391233169e-07,-0.182933367448141,7.61215561516903e-05,0.993038731570888,0.999999999999909
"KDM6B",1.22660416430744e-07,-0.187465159269852,7.28593004622717e-05,0.993189526829922,0.999999999999909
"TES",1.18280395031518e-07,-0.194964329025112,6.77488082761176e-05,0.993432713124047,0.999999999999909
"OLFML3",1.18027525045432e-07,-0.195404746230985,6.74594394850218e-05,0.993446752917862,0.999999999999909
"VCL",1.17485439241256e-07,-0.196351706998982,6.6841196808264e-05,0.993476850497913,0.999999999999909
"PCP4",1.13606991165346e-07,-0.20324212234989,6.25008960044962e-05,0.993692189187723,0.999999999999909
"FLT1",1.13388205186391e-07,-0.203636993539047,6.22603975549388e-05,0.993704336608239,0.999999999999909
"PRSS23",1.13074130431084e-07,-0.204205026218286,6.19159642492615e-05,0.993721774648383,0.999999999999909
"COL12A1",1.11288852585374e-07,-0.207460668962976,5.99762705779383e-05,0.993820896796955,0.999999999999909
"COL3A1",1.09797736473853e-07,-0.210215531836791,5.83798401758142e-05,0.993903686578783,0.999999999999909
"ERF",1.09725556284797e-07,-0.210349725239751,5.83031084880024e-05,0.993907694170514,0.999999999999909
"PGR",1.08537822040452e-07,-0.21256920136217,5.70477253855667e-05,0.993973639627105,0.999999999999909
"HNRNPH1",1.07192394329355e-07,-0.215109495684503,5.56421715809723e-05,0.994048340600138,0.999999999999909
"LAMA4",1.06067457363884e-07,-0.217255257980668,5.44804196087818e-05,0.994110799503834,0.999999999999909
"LMCD1",1.05567569465531e-07,-0.218215246134372,5.39681055210659e-05,0.994138554359542,0.999999999999909
"REV3L",1.0280080222876e-07,-0.223602548436264,5.11763296474051e-05,0.99429217137917,0.999999999999909
"IGF1",1.00713411568816e-07,-0.227752688143671,4.91191386741221e-05,0.994408068053096,0.999999999999909
"MOXD1",1.00627913516207e-07,-0.22792429409589,4.90357772216604e-05,0.99441281510184,0.999999999999909
"MATN2",9.83264148129396e-08,-0.232592945995642,4.68183965683518e-05,0.994540599682914,0.999999999999909
"ADGRE5",9.82412787706518e-08,-0.232767496539034,4.67373561401967e-05,0.994545326637446,0.999999999999909
"RBBP6",9.76996794890523e-08,-0.233881061036775,4.62234551732069e-05,0.994575397515666,0.999999999999909
"CHRDL2",9.73719990542654e-08,-0.234557452125009,4.59139122641014e-05,0.994593591115274,0.999999999999909
"FABP3",9.42616132022398e-08,-0.241080257764806,4.30274752738492e-05,0.994766287298029,0.999999999999909
"KRT19",9.18306109591036e-08,-0.246312448384454,4.08367409447006e-05,0.994901262622595,0.999999999999909
"ZCCHC12",9.02548793168948e-08,-0.249769796032637,3.94473203765898e-05,0.994988751262518,0.999999999999909
"OSR2",8.80303254249403e-08,-0.254742908089004,3.75267317039187e-05,0.995112264271,0.999999999999909
"SORBS1",8.55969536881304e-08,-0.260311995499999,3.54807462269068e-05,0.995247371522487,0.999999999999909
"ID1",8.53827404978634e-08,-0.260808942543772,3.53033816559171e-05,0.99525926521343,0.999999999999909
"RAB23",8.5140520794745e-08,-0.261372193391581,3.51033635892633e-05,0.995272713902362,0.999999999999909
"CTGF",8.40698958797957e-08,-0.263878924996919,3.4226078862854e-05,0.995332157891199,0.999999999999909
"TPM2",8.23104016554943e-08,-0.268060658087697,3.28084391532019e-05,0.995429849822012,0.999999999999909
"MGP",8.0328158304606e-08,-0.272867734084511,3.12472460729437e-05,0.995539909475458,0.999999999999909
"ODC1",7.69539118053231e-08,-0.281297647636343,2.86772518315374e-05,0.995727257201888,0.999999999999909
"RGS2",7.67544678755497e-08,-0.281806104712582,2.85287969458702e-05,0.99573833090146,0.999999999999909
"UAP1",7.61157001635278e-08,-0.283442477089121,2.80559268762087e-05,0.995773797124209,0.999999999999909
"SFRP4",7.58727078024938e-08,-0.28406816187286,2.78770808831815e-05,0.995787288762004,0.999999999999909
"PPM1K",7.51957030347918e-08,-0.285820801907053,2.73818114611495e-05,0.99582487802865,0.999999999999909
"VASP",7.50093642013449e-08,-0.286305651648329,2.72462725214303e-05,0.995835224102318,0.999999999999909
"COL1A2",7.1914029143974e-08,-0.294519824254866,2.50439813165837e-05,0.996007086203093,0.999999999999909
"FSTL1",7.07807500247644e-08,-0.297605729322721,2.42608743306574e-05,0.996070009237689,0.999999999999909
"BHLHE40",6.88055299311637e-08,-0.303090412773513,2.29257111242774e-05,0.996179679402902,0.999999999999909
"TXNIP",6.77684067768178e-08,-0.306026323493509,2.22397898296584e-05,0.996237263631308,0.999999999999909
"SNHG15",6.57088508570571e-08,-0.311976527226442,2.09085478907407e-05,0.996351616490911,0.999999999999909
"PTP4A1",6.42305735904843e-08,-0.316350096878205,1.99783551099852e-05,0.996433695023728,0.999999999999909
"HSP90AA1",6.36429438118448e-08,-0.318113440300509,1.96144731418995e-05,0.996466322059757,0.999999999999909
"PRPS2",6.2543416658436e-08,-0.321451973178756,1.89425888295615e-05,0.996527371248645,0.999999999999909
"CD24",6.24575597638689e-08,-0.321714846797733,1.88906173944818e-05,0.996532138293008,0.999999999999909
"CCDC80",6.11928729540468e-08,-0.325624577207906,1.8133340410942e-05,0.996602357689865,0.999999999999909
"FBXO32",5.88548904222449e-08,-0.333044757745912,1.67741776634232e-05,0.996732169916173,0.999999999999909
"HSPH1",5.81849842609651e-08,-0.33521899999919,1.63944922194873e-05,0.996769365253032,0.999999999999909
"CXCL3",5.78818970391338e-08,-0.336209992247571,1.62241383237554e-05,0.996786193629175,0.999999999999909
"UBE2D1",5.72035091909049e-08,-0.338444857114146,1.58460663865644e-05,0.996823859906818,0.999999999999909
"COL1A1",5.49715874654313e-08,-0.34596715048121,1.46336507198104e-05,0.996947783436976,0.999999999999909
"MAT2A",5.44860456765183e-08,-0.347639347551754,1.43762861291011e-05,0.996974742301093,0.999999999999909
"PLAUR",5.42080554608155e-08,-0.348602692729884,1.42299634603475e-05,0.99699017722632,0.999999999999909
"SOCS1",5.4130466083515e-08,-0.348872351552014,1.41892571913063e-05,0.996994485242306,0.999999999999909
"IER5",5.02303569550512e-08,-0.362889175944411,1.22182401361125e-05,0.997211032166745,0.999999999999909
"FAM229B",4.93379265159957e-08,-0.366231700763818,1.17879399613254e-05,0.997260582878117,0.999999999999909
"DDX21",4.90003224663317e-08,-0.367510145978968,1.16271695044122e-05,0.997279327782547,0.999999999999909
"CTSL",4.45823941333485e-08,-0.385001836557978,9.62504794503903e-06,0.997524626053968,0.999999999999909
"CRABP2",4.30875865668674e-08,-0.391269043104842,8.99043003269043e-06,0.997607622862353,0.999999999999909
"DDR2",3.96154835831715e-08,-0.406604556132371,7.59986803144416e-06,0.997800405946636,0.999999999999909
"RDX",3.84374976332784e-08,-0.412078801674398,7.15461618036524e-06,0.997865811802676,0.999999999999909
"PMP22",3.82145268414656e-08,-0.413131669550235,7.071850987135e-06,0.997878191914196,0.999999999999909
"H1F0",3.69311908662412e-08,-0.419299555248013,6.60484684440719e-06,0.997949447187385,0.999999999999909
"TLE1",3.30958689000011e-08,-0.438936222497728,5.30424655177032e-06,0.998162397686675,0.999999999999909
"SUPT5H",3.26449591081016e-08,-0.441375709995197,5.16069728985263e-06,0.998187433785409,0.999999999999909
"IRF7",2.99325927295571e-08,-0.456713105837644,4.33875173963639e-06,0.998338033950373,0.999999999999909
"PLVAP",2.91415071761937e-08,-0.46141840456823,4.1124454134933e-06,0.998381957826837,0.999999999999909
"PIM1",2.62602761892793e-08,-0.479571061483292,3.33944816288753e-06,0.99854193403346,0.999999999999909
"CITED2",2.43155012282644e-08,-0.492849510826757,2.8631399729266e-06,0.998649914899629,0.999999999999909
"TUBA4A",2.34956345519189e-08,-0.498731246043255,2.6733171519869e-06,0.99869543683932,0.999999999999909
"NUFIP2",2.34592669690356e-08,-0.498996336275408,2.66504779960466e-06,0.998697456098114,0.999999999999909
"TGM2",2.23257117620902e-08,-0.507447246737965,2.41371925253753e-06,0.998760395157808,0.999999999999909
"ARID5B",2.23108567965977e-08,-0.507560495020646,2.41050826532759e-06,0.998761219958941,0.999999999999909
"PGM5-AS1",2.11451802467296e-08,-0.516662506507425,2.16520444841167e-06,0.998825942519197,0.999999999999909
"C6orf62",2.03759149787549e-08,-0.522915873404105,2.01052911783068e-06,0.998868654901657,0.999999999999909
"EHD1",1.88567874940718e-08,-0.535905089316699,1.72191433384751e-06,0.998953002348589,0.999999999999909
"HSPE1",1.65506171956816e-08,-0.557516467562713,1.32649163414688e-06,0.99908104927837,0.999999999999909
"HSPB7",1.59263283969064e-08,-0.56382524023565,1.22830850976567e-06,0.999115712058366,0.999999999999909
"KCNQ1OT1",1.57761268080592e-08,-0.56537576244254,1.20524934609481e-06,0.999124051795995,0.999999999999909
"FBLN5",1.4270133725847e-08,-0.581690165188006,9.86125554911767e-07,0.999207670005657,0.999999999999909
"ELMSAN1",1.30812713707598e-08,-0.595684685149487,8.28659355718497e-07,0.999273679970887,0.999999999999909
"MTRNR2L1",1.29468811632285e-08,-0.597336826987848,8.11720381953196e-07,0.99928114180469,0.999999999999909
"CTR9",1.26776652591664e-08,-0.600692681991275,7.78313724276772e-07,0.99929608965242,0.999999999999909
"SLC25A37",1.25913073045448e-08,-0.601782537632521,7.67746375075599e-07,0.999300884560709,0.999999999999909
"SPSB1",1.21255448516104e-08,-0.607777303194642,7.11997801102737e-07,0.999326745389553,0.999999999999909
"ENPP2",1.19159696918863e-08,-0.610541520413036,6.87598479192603e-07,0.999338381766444,0.999999999999909
"ANGPTL1",1.08845857664519e-08,-0.624806826304049,5.73719933226597e-07,0.999395647963977,0.999999999999909
"CEBPD",1.07294210332301e-08,-0.627055745559508,5.57479244955893e-07,0.999404263276209,0.999999999999909
"MITF",8.07400945660542e-09,-0.670841529463439,3.15685500481206e-07,0.999551701427274,0.999999999999909
"LEFTY2",7.34979663995827e-09,-0.685003663319195,2.61593394433575e-07,0.999591912371303,0.999999999999909
"NR4A2",5.67504100771357e-09,-0.723198226509896,1.55960326523788e-07,0.999684900932391,0.999999999999909
"TNFRSF12A",5.5197400669005e-09,-0.727229915321268,1.47541223591919e-07,0.999693523809149,0.999999999999909
"DNAJA1",5.26824306693954e-09,-0.733977201187657,1.3440262043484e-07,0.999707487843341,0.999999999999909
"BAMBI",5.00306864723001e-09,-0.741407818518349,1.21212958502861e-07,0.999722211298048,0.999999999999909
"MEG3",4.93603902216362e-09,-0.743341273525872,1.17986765736804e-07,0.999725933028273,0.999999999999909
"LINC01088",4.03521779508577e-09,-0.771873887889256,7.88515233246326e-08,0.999775949921869,0.999999999999909
"RGS5",4.01235412503463e-09,-0.772669001079978,7.79605043792835e-08,0.999777219396576,0.999999999999909
"PLPP3",3.64063705527355e-09,-0.786193533036346,6.4184608698215e-08,0.999797858489902,0.999999999999909
"CTNNB1",3.50314177204485e-09,-0.79150785180903,5.9428060215138e-08,0.999805492731712,0.999999999999909
"G0S2",3.22670561433463e-09,-0.802776677346911,5.04190684215435e-08,0.999820841479907,0.999999999999909
"CKS2",2.90625793210806e-09,-0.81696396394271,4.09019900508269e-08,0.999838633909261,0.999999999999909
"AKAP12",2.71551609408843e-09,-0.826081568541197,3.57092632336326e-08,0.999849224594974,0.999999999999909
"GSN",2.70730111999195e-09,-0.826486857434413,3.54935348487709e-08,0.999849680720436,0.999999999999909
"DNAJB4",2.65341702524747e-09,-0.829172586693347,3.40947217442076e-08,0.99985267256281,0.999999999999909
"PLK2",2.43724478588953e-09,-0.840457405222611,2.87656656027964e-08,0.999864675237623,0.999999999999909
"GPNMB",2.16613055481005e-09,-0.855937019175422,2.27219387327388e-08,0.999879728493174,0.999999999999909
"SNAI1",4.70020323500792e-10,-1.03875366958635,1.06981677079887e-09,0.999973902749017,0.999999999999909
"CENPW",5.33857122725296e-11,-1.24972441305964,1.38014974822098e-11,0.999997035829596,0.999999999999909
"METTL15",6.49228419393303e-17,-1.84025600761738,2.0411323807485e-23,0.999999999996395,0.999999999999909
"C1R",6.10020386494701e-17,-1.84137700317269,1.80204165559185e-23,0.999999999996613,0.999999999999909
"RGS1",5.2060809637175e-17,-1.84419356372385,1.31249592396296e-23,0.999999999997109,0.999999999999909
"DCN",5.08664340282059e-17,-1.84460174748062,1.25296434573164e-23,0.999999999997176,0.999999999999909
"CCL5",4.98171286032603e-17,-1.84496742061635,1.20180362898176e-23,0.999999999997234,0.999999999999909
"IGFBP6",4.93782901830952e-17,-1.84512237861556,1.18072354261865e-23,0.999999999997258,0.999999999999909
"GATA2",4.86394347920511e-17,-1.84538605327633,1.14565318517819e-23,0.999999999997299,0.999999999999909
"C7",4.79333329657802e-17,-1.84564137618794,1.11263158301927e-23,0.999999999997339,0.999999999999909
"HHEX",4.48593085499053e-17,-1.84679328565458,9.74498731195154e-24,0.999999999997509,0.999999999999909
"PIK3R1",4.089571054625e-17,-1.848386490275,8.0990045728499e-24,0.999999999997729,0.999999999999909
"ALDH1A1",3.96778703559887e-17,-1.84890352473196,7.62382354227927e-24,0.999999999997797,0.999999999999909
"EFEMP1",3.96021793234555e-17,-1.84893612136682,7.59476428761879e-24,0.999999999997801,0.999999999999909
"LUM",3.86291397488126e-17,-1.84936015543419,7.22613716651567e-24,0.999999999997855,0.999999999999909
"PLCG2",3.71079220137945e-17,-1.85004242826032,6.66821198919217e-24,0.99999999999794,0.999999999999909
"TPPP3",3.65623917674399e-17,-1.85029314775948,6.47359198308769e-24,0.99999999999797,0.999999999999909
"MID1IP1",3.56810602392098e-17,-1.85070528768863,6.16526330291508e-24,0.999999999998019,0.999999999999909
"GABARAP",3.47064031785889e-17,-1.85117170615021,5.83304521408871e-24,0.999999999998073,0.999999999999909
"PCOLCE",3.39622692168283e-17,-1.85153568612986,5.5855960992847e-24,0.999999999998114,0.999999999999909
"CYP1B1",3.18585554649024e-17,-1.85260429447898,4.91505393341315e-24,0.999999999998231,0.999999999999909
"CCL4",3.15161223972656e-17,-1.8527841228529,4.80996243390977e-24,0.99999999999825,0.999999999999909
"CCL3",3.12338947840414e-17,-1.85293364032502,4.72420150435277e-24,0.999999999998266,0.999999999999909
"EFNA1",3.07790790022705e-17,-1.85317712843901,4.58761927043129e-24,0.999999999998291,0.999999999999909
"CCL2",3.02489322797764e-17,-1.85346500135537,4.4309436488747e-24,0.99999999999832,0.999999999999909
"NKG7",2.5543783535889e-17,-1.85623665118908,3.15970529586562e-24,0.999999999998582,0.999999999999909
"CBX4",2.52612846680375e-17,-1.85641709924861,3.09020288362944e-24,0.999999999998597,0.999999999999909
"CFD",2.50374295575671e-17,-1.85656136223406,3.03567733745425e-24,0.99999999999861,0.999999999999909
"PDGFA",2.26989234357984e-17,-1.85814090322509,2.49509248157905e-24,0.99999999999874,0.999999999999909
"SLC20A1",2.15361144351003e-17,-1.85898075274231,2.24600556545766e-24,0.999999999998804,0.999999999999909
"XCL2",2.12122645611609e-17,-1.85922180583433,2.17896471560803e-24,0.999999999998822,0.999999999999909
"ADM",2.0939451561469e-17,-1.85942741380828,2.12327737873138e-24,0.999999999998837,0.999999999999909
"CYBRD1",2.02898496435085e-17,-1.85992671187,1.99358053715432e-24,0.999999999998873,0.999999999999909
"CTSK",1.96657371547792e-17,-1.86041994041267,1.87282236968435e-24,0.999999999998908,0.999999999999909
"CREM",1.90413978300205e-17,-1.86092742309766,1.75579489192724e-24,0.999999999998943,0.999999999999909
"HIGD1B",1.86469468311028e-17,-1.86125569782612,1.68380421608282e-24,0.999999999998965,0.999999999999909
"CCL3L1",1.85631123863719e-17,-1.86132625935696,1.66869788562117e-24,0.999999999998969,0.999999999999909
"TMOD1",1.78758283410159e-17,-1.86191561978199,1.54742097270351e-24,0.999999999999007,0.999999999999909
"RASD1",1.66096301574537e-17,-1.86305604156716,1.3359679886903e-24,0.999999999999078,0.999999999999909
"CCND1",1.61289312000719e-17,-1.86350925218814,1.2597585261339e-24,0.999999999999104,0.999999999999909
"CXCR4",1.52832784462816e-17,-1.86433641699924,1.13112129533666e-24,0.999999999999151,0.999999999999909
"PDCD4",1.5271235436981e-17,-1.8643484867543,1.1293393822067e-24,0.999999999999152,0.999999999999909
"MMP2",1.45328048905951e-17,-1.86510517170892,1.02276301230015e-24,0.999999999999193,0.999999999999909
"OGN",1.43712677579132e-17,-1.86527523237947,1.00015264915841e-24,0.999999999999202,0.999999999999909
"CD69",1.4311166623551e-17,-1.86533893722759,9.91804795917572e-25,0.999999999999205,0.999999999999909
"TENT5A",1.3937474524916e-17,-1.86574043907905,9.40685177367542e-25,0.999999999999226,0.999999999999909
"ANKRD37",1.34170851339782e-17,-1.86631574465795,8.71751048798341e-25,0.999999999999255,0.999999999999909
"PTGDS",1.28943744954909e-17,-1.86691387171395,8.05149794536564e-25,0.999999999999284,0.999999999999909
"PTTG1",1.28214836542517e-17,-1.86699897914598,7.96072632009064e-25,0.999999999999288,0.999999999999909
"CCL21",1.27147259655813e-17,-1.86712440642048,7.82870875302226e-25,0.999999999999294,0.999999999999909
"SERPINB1",1.25101231655486e-17,-1.86736741975888,7.57877996805766e-25,0.999999999999305,0.999999999999909
"RAMP3",1.25011968582455e-17,-1.86737810177161,7.56796850235814e-25,0.999999999999306,0.999999999999909
"TNFRSF10D",1.22524321249087e-17,-1.86767854799389,7.26977112700793e-25,0.99999999999932,0.999999999999909
"CXCL1",1.04712659589791e-17,-1.87000307433557,5.30975531493861e-25,0.999999999999419,0.999999999999909
"PLTP",1.00981871782882e-17,-1.87053401449293,4.93813502146776e-25,0.999999999999439,0.999999999999909
"RCAN1",1.00499315027839e-17,-1.87060395308594,4.89105257433365e-25,0.999999999999442,0.999999999999909
"NME2",9.89727743664044e-18,-1.8708271760933,4.74359515086722e-25,0.99999999999945,0.999999999999909
"APOD",9.48650532209368e-18,-1.87144334868742,4.35801415994245e-25,0.999999999999473,0.999999999999909
"IGFBP3",8.37464982964004e-18,-1.87323824536577,3.39632655969031e-25,0.999999999999535,0.999999999999909
"ARHGDIB",8.14059794608262e-18,-1.87364282120953,3.2091405605727e-25,0.999999999999548,0.999999999999909
"GNLY",7.71539723582329e-18,-1.8744049304307,2.88265527399438e-25,0.999999999999572,0.999999999999909
"FBLN1",7.05897938907723e-18,-1.87565789375357,2.41301463146671e-25,0.999999999999608,0.999999999999909
"NNMT",5.86189762533061e-18,-1.87823574833057,1.66399718227776e-25,0.999999999999674,0.999999999999909
"INSR",5.77566561048881e-18,-1.87843899046975,1.61540048943919e-25,0.999999999999679,0.999999999999909
"APOE",5.60267241003419e-18,-1.87885496083517,1.52008049850145e-25,0.999999999999689,0.999999999999909
"PAGE4",4.39341225059803e-18,-1.88212939300054,9.34716783831753e-26,0.999999999999756,0.999999999999909
"HMOX1",4.38527419799657e-18,-1.88215401483566,9.31257181686638e-26,0.999999999999757,0.999999999999909
"IFNG",4.34356406709481e-18,-1.88228084863806,9.1362629610389e-26,0.999999999999759,0.999999999999909
"DUSP14",4.15947099123182e-18,-1.88285386684645,8.37823094046012e-26,0.999999999999769,0.999999999999909
"CCL14",3.80656517239313e-18,-1.88401817857751,7.01685766628124e-26,0.999999999999789,0.999999999999909
"RNASE1",3.59531288404074e-18,-1.88476176756541,6.25964220052748e-26,0.9999999999998,0.999999999999909
"GPR85",3.33900895153902e-18,-1.88571776722428,5.39897472466155e-26,0.999999999999815,0.999999999999909
"SERPINF1",3.01918275628161e-18,-1.88700639994261,4.41422974013899e-26,0.999999999999832,0.999999999999909
"DUSP2",3.01224041299903e-18,-1.88703568958659,4.39395281899118e-26,0.999999999999833,0.999999999999909
"C1S",3.01013391319575e-18,-1.88704458870389,4.38780946845673e-26,0.999999999999833,0.999999999999909
"CCL4L2",2.59664293257658e-18,-1.88890848383456,3.2651308808148e-26,0.999999999999856,0.999999999999909
"ELN",1.63710137591346e-18,-1.89452902887731,1.29785828743037e-26,0.999999999999909,0.999999999999909
