step,X,Y
1,947,410
2,947,410
3,956,406
4,956,406
5,978,412
6,978,411
7,968,413
8,953,421
9,952,421
10,947,414
11,939,411
12,939,411
13,965,408
14,980,406
15,980,406
16,980,406
17,978,407
18,963,411
19,955,414
20,950,414
21,950,414
22,939,414
23,939,413
24,939,410
25,940,408
26,942,408
27,956,408
28,976,409
29,1002,408
30,1002,408
31,1037,411
32,1038,411
33,1060,410
34,1060,410
35,1067,410
36,1078,412
37,1087,412
38,1108,416
39,1110,416
40,1125,416
41,1125,416
42,1112,415
43,1088,411
44,1087,411
45,1069,410
46,1038,408
47,1033,408
48,1004,408
49,999,408
50,995,408
51,996,408
52,1023,409
53,1042,411
54,1090,411
55,1106,411
56,1111,411
57,1116,410
58,1133,409
59,1142,409
60,1148,409
61,1172,409
62,1187,409
63,1201,409
64,1215,409
65,1240,412
66,1246,413
67,1252,414
68,1255,414
69,1255,414
70,1254,426
71,1254,426
72,1250,432
73,1245,434
74,1234,436
75,1233,436
76,1220,433
77,1210,430
78,1205,429
79,1180,420
80,1143,419
81,1146,418
82,1198,418
83,1225,418
84,1231,419
85,1242,427
86,1247,433
87,1251,439
88,1251,447
89,1252,451
90,1255,461
91,1243,448
92,1242,440
93,1240,431
94,1235,428
95,1217,424
96,1209,424
97,1194,420
98,1193,420
99,1193,418
100,1216,415
101,1227,415
102,1231,417
103,1231,432
104,1225,438
105,1225,439
106,1210,431
107,1202,430
108,1195,430
109,1194,428
110,1194,424
111,1185,418
112,1178,415
113,1173,414
114,1140,414
115,1153,414
116,1186,414
117,1220,418
118,1227,421
119,1184,429
120,1162,425
121,1127,419
122,1109,416
123,1095,416
124,1058,416
125,1033,415
126,1019,413
127,997,410
128,985,410
129,955,408
130,954,408
131,953,406
132,953,406
133,998,407
134,1023,406
135,1080,406
136,1090,408
137,1145,413
138,1158,413
139,1167,414
140,1218,418
141,1220,418
142,1257,422
143,1250,423
144,1250,423
145,1252,423
146,1253,423
147,1253,423
148,1253,428
149,1253,433
150,1253,453
151,1249,466
152,1245,478
153,1244,492
154,1245,512
155,1245,517
156,1245,526
157,1245,533
158,1242,546
159,1239,566
160,1238,578
161,1238,581
162,1240,587
163,1241,593
164,1246,596
165,1257,569
166,1250,554
167,1249,536
168,1251,518
169,1252,486
170,1252,474
171,1253,458
172,1254,439
173,1253,426
174,1250,416
175,1250,415
176,1249,416
177,1248,417
178,1250,417
179,1251,415
180,1252,416
181,1252,422
182,1252,429
183,1252,441
184,1250,459
185,1250,463
186,1250,458
187,1250,443
188,1250,431
189,1249,429
190,1237,423
191,1219,423
192,1203,423
193,1206,421
194,1240,422
195,1255,428
196,1266,434
197,1277,441
198,1257,440
199,1257,439
200,1257,443
201,1258,453
202,1262,477
203,1260,489
204,1257,501
205,1255,503
206,1252,513
207,1245,510
208,1244,500
209,1243,491
210,1243,458
211,1243,436
212,1243,436
213,1240,447
214,1240,462
215,1242,477
216,1243,479
217,1243,494
218,1243,504
219,1243,512
220,1243,512
221,1247,510
222,1248,505
223,1248,498
224,1252,481
225,1252,480
226,1252,476
227,1252,469
228,1253,444
229,1258,420
230,1258,420
231,1253,422
232,1252,422
233,1237,430
234,1235,430
235,1235,430
236,1233,432
237,1237,448
238,1233,456
239,1213,439
240,1197,429
241,1168,424
242,1128,425
243,1124,426
244,1125,426
245,1148,427
246,1158,441
247,1171,462
248,1178,476
249,1185,496
250,1187,522
251,1191,538
252,1200,573
253,1202,586
254,1211,606
255,1212,618
256,1212,622
257,1212,634
258,1212,643
259,1223,658
260,1225,651
261,1222,631
262,1219,614
263,1225,590
264,1241,550
265,1245,538
266,1247,530
267,1247,530
268,1247,547
269,1245,574
270,1242,606
271,1242,624
272,1243,648
273,1243,661
274,1240,688
275,1238,698
276,1236,718
277,1236,718
278,1261,676
279,1247,618
280,1245,618
281,1232,639
282,1227,661
283,1215,678
284,1214,696
285,1215,699
286,1214,701
287,1232,727
288,1229,728
289,1231,724
290,1231,724
291,1230,724
292,1233,703
293,1235,680
294,1229,687
295,1213,703
296,1208,704
297,1144,715
298,1134,715
299,1092,719
300,1073,719
301,1058,719
302,1015,723
303,1000,720
304,985,718
305,972,716
306,943,714
307,940,710
308,929,694
309,932,674
310,935,664
311,934,645
312,947,709
313,950,718
314,949,723
315,958,726
316,995,726
317,995,725
318,1001,725
319,1016,728
320,1027,728
321,1033,728
322,1065,729
323,1071,729
324,1105,728
325,1125,728
326,1133,726
327,1152,723
328,1160,721
329,1163,721
330,1176,721
331,1180,721
332,1192,720
333,1211,720
334,1218,718
335,1233,714
336,1233,709
337,1230,706
338,1227,704
339,1223,699
340,1223,694
341,1227,683
342,1228,680
343,1235,676
344,1253,671
345,1253,671
346,1255,671
347,1254,688
348,1253,697
349,1253,716
350,1253,718
351,1249,731
352,1250,733
353,1250,731
354,1253,728
355,1257,714
356,1257,701
357,1253,681
358,1252,676
359,1252,675
360,1247,664
361,1244,656
362,1239,640
363,1235,618
364,1233,608
365,1232,596
366,1229,575
367,1228,568
368,1228,553
369,1228,545
370,1228,541
371,1231,530
372,1231,530
373,1231,530
374,1231,530
375,1231,529
376,1232,529
377,1250,537
378,1250,537
379,1256,546
380,1258,554
381,1258,568
382,1261,591
383,1260,607
384,1261,627
385,1261,644
386,1262,647
387,1262,661
388,1262,674
389,1262,698
390,1260,708
391,1259,721
392,1258,728
393,1255,734
394,1250,731
395,1213,731
396,1192,725
397,1211,713
398,1213,709
399,1213,709
400,1218,716
401,1221,721
402,1236,710
403,1236,705
404,1235,696
405,1235,686
406,1235,671
407,1235,644
408,1234,623
409,1232,608
410,1230,603
411,1230,601
412,1229,596
413,1225,596
414,1223,594
415,1217,590
416,1207,584
417,1159,575
418,1153,575
419,1127,573
420,1077,571
421,1048,569
422,1028,563
423,1000,559
424,987,556
425,973,555
426,964,551
427,952,548
428,939,544
429,939,541
430,940,539
431,940,529
432,938,516
433,937,508
434,937,495
435,937,480
436,934,453
437,937,431
438,943,424
439,946,424
440,955,433
441,963,448
442,959,468
443,957,471
444,980,469
445,980,468
446,968,426
447,968,426
448,967,444
449,971,457
450,972,472
451,975,486
452,978,509
453,977,526
454,977,542
455,975,563
456,973,576
457,962,593
458,962,597
459,959,616
460,953,629
461,950,639
462,944,667
463,946,669
464,943,671
465,927,663
466,932,640
467,926,584
468,928,570
469,941,559
470,943,558
471,958,555
472,990,555
473,1012,556
474,1023,557
475,1023,557
476,1027,558
477,1050,558
478,1058,554
479,1077,551
480,1087,551
481,1103,551
482,1122,551
483,1146,548
484,1167,544
485,1191,541
486,1198,535
487,1198,528
488,1200,519
489,1198,513
490,1194,505
491,1170,495
492,1162,494
493,1138,488
494,1115,486
495,1072,492
496,1035,509
497,1017,527
498,1012,543
499,990,554
500,972,564
501,963,572
502,952,587
503,948,606
504,943,629
505,940,647
506,940,659
507,940,674
508,940,684
509,943,697
510,940,707
511,940,707
512,941,708
513,950,706
514,956,704
515,965,704
516,966,704
517,968,706
518,970,714
519,951,725
520,962,721
521,986,721
522,987,721
523,988,721
524,992,720
525,1006,720
526,1011,718
527,1020,718
528,1037,718
529,1048,718
530,1060,718
531,1073,718
532,1086,710
533,1087,710
534,1087,703
535,1087,695
536,1095,683
537,1096,681
538,1105,686
539,1112,691
540,1118,694
541,1127,697
542,1147,703
543,1157,701
544,1167,703
545,1171,708
546,1180,714
547,1182,718
548,1190,718
549,1191,718
550,1192,716
551,1193,711
552,1193,711
553,1193,711
554,1193,711
555,1193,711
556,1193,710
557,1193,710
558,1189,706
559,1173,701
560,1173,700
561,1175,699
562,1185,699
563,1192,701
564,1202,709
565,1202,714
566,1199,717
567,1173,720
568,1160,716
569,1158,716
570,1182,713
571,1182,713
572,1190,713
573,1213,719
574,1213,722
575,1213,724
576,1217,721
577,1218,715
578,1214,701
579,1214,693
580,1216,689
581,1221,688
582,1220,688
583,1199,694
584,1198,694
585,1185,704
586,1213,712
587,1222,711
588,1241,711
589,1243,712
590,1219,721
591,1202,720
592,1200,721
593,1200,721
594,1190,726
595,1189,726
596,1184,731
597,1182,730
598,1198,719
599,1200,714
600,1194,711
601,1169,714
602,1164,718
603,1163,721
604,1159,726
605,1219,713
606,1220,708
607,1221,698
608,1219,686
609,1220,679
610,1226,674
611,1227,673
612,1233,669
613,1243,664
614,1263,664
615,1275,663
616,1276,663
617,1263,662
618,1260,688
619,1263,699
620,1263,699
621,1266,696
622,1248,693
623,1247,694
624,1242,707
625,1234,716
626,1228,718
627,1218,721
628,1202,713
629,1201,711
630,1215,704
631,1221,700
632,1232,699
633,1233,699
634,1235,704
635,1235,714
636,1230,723
637,1224,725
638,1218,726
639,1200,721
640,1187,719
641,1180,719
642,1162,723
643,1154,724
644,1135,724
645,1134,721
646,1138,719
647,1163,716
648,1170,713
649,1183,710
650,1191,709
651,1208,712
652,1209,713
653,1210,717
654,1215,722
655,1215,722
656,1184,725
657,1184,725
658,1193,719
659,1210,721
660,1215,720
661,1230,721
662,1238,722
663,1240,722
664,1242,721
665,1243,718
666,1242,711
667,1239,706
668,1238,705
669,1233,703
670,1232,701
671,1232,700
672,1232,700
673,1232,700
674,1238,699
675,1238,699
676,1238,699
677,1238,699
678,1240,701
679,1241,700
680,1195,711
681,1183,711
682,1157,713
683,1129,711
684,1131,713
685,1175,719
686,1179,719
687,1190,722
688,1198,721
689,1213,723
690,1213,723
691,1217,724
692,1217,726
693,1167,730
694,1167,730
695,1167,730
696,1170,726
697,1175,723
698,1181,721
699,1201,721
700,1221,721
701,1223,721
702,1232,716
703,1235,711
704,1235,710
705,1236,709
706,1236,709
707,1237,709
708,1238,708
709,1238,708
710,1222,716
711,1209,717
712,1205,717
713,1202,718
714,1197,721
715,1187,722
716,1178,723
717,1178,723
718,1174,723
719,1169,720
720,1169,720
721,1169,719
722,1233,722
723,1237,720
724,1237,721
725,1237,721
726,1237,723
